paper_id,openalex_id,title,publication_year,journal,pdf_url,local_target
60,W3045997188,Discriminative Accuracy of Plasma Phospho-tau217 for Alzheimer Disease vs Other Neurodegenerative Disorders,2020,JAMA,https://jamanetwork.com/journals/jama/articlepdf/2768841/jama_palmqvist_2020_oi_200077_1597950344.77871.pdf,data/pdfs/W3045997188.pdf
811,W2943828894,Limbic-predominant age-related TDP-43 encephalopathy (LATE): consensus working group report,2019,Brain,https://academic.oup.com/brain/article-pdf/142/6/1503/28706531/awz099.pdf,data/pdfs/W2943828894.pdf
138,W2787612390,Trial of Solanezumab for Mild Dementia Due to Alzheimer’s Disease,2018,New England Journal of Medicine,https://www.nejm.org/doi/pdf/10.1056/NEJMoa1705971?articleTools=true,data/pdfs/W2787612390.pdf
150,W4205941964,"RETRACTED ARTICLE: Artificial intelligence in disease diagnosis: a systematic literature review, synthesizing framework and future research agenda",2022,Journal of Ambient Intelligence and Humanized Computing,https://link.springer.com/content/pdf/10.1007/s12652-021-03612-z.pdf,data/pdfs/W4205941964.pdf
73,W2938221890,Association Between Longitudinal Plasma Neurofilament Light and Neurodegeneration in Patients With Alzheimer Disease,2019,JAMA Neurology,https://jamanetwork.com/journals/jamaneurology/articlepdf/2731440/jamaneurology_mattsson_2019_oi_190019.pdf,data/pdfs/W2938221890.pdf
162,W3127597934,Multimodal deep learning models for early detection of Alzheimer’s disease stage,2021,Scientific Reports,https://www.nature.com/articles/s41598-020-74399-w.pdf,data/pdfs/W3127597934.pdf
120,W2898320157,Clinical Significance of Magnetic Resonance Imaging Markers of Vascular Brain Injury,2018,JAMA Neurology,https://jamanetwork.com/journals/jamaneurology/articlepdf/2709105/jamaneurology_debette_2018_oi_180070.pdf,data/pdfs/W2898320157.pdf
249,W2964629181,Deep Learning in Alzheimer's Disease: Diagnostic Classification and Prognostic Prediction Using Neuroimaging Data,2019,Frontiers in Aging Neuroscience,https://www.frontiersin.org/articles/10.3389/fnagi.2019.00220/pdf,data/pdfs/W2964629181.pdf
247,W3033878890,FastSurfer - A fast and accurate deep learning based neuroimaging pipeline,2020,NeuroImage,https://www.sciencedirect.com/science/article/am/pii/S1053811920304985?via%3Dihub,data/pdfs/W3033878890.pdf
143,W4285384968,"The Boston criteria version 2.0 for cerebral amyloid angiopathy: a multicentre, retrospective, MRI–neuropathology diagnostic accuracy study",2022,The Lancet Neurology,http://www.thelancet.com/article/S1474442222002083/pdf,data/pdfs/W4285384968.pdf
611,W2787666045,Spatial patterns of neuroimaging biomarker change in individuals from families with autosomal dominant Alzheimer's disease: a longitudinal study,2018,The Lancet Neurology,https://unsworks.unsw.edu.au/bitstreams/9a3b57d7-40ae-4ec0-a924-b6f584308ea1/download,data/pdfs/W2787666045.pdf
160,W2912556930,The Alzheimer’s Disease Clinical Spectrum,2019,Medical Clinics of North America,https://www.sciencedirect.com/science/article/pii/S0025712518301317/pdf,data/pdfs/W2912556930.pdf
609,W4389391124,Organ aging signatures in the plasma proteome track health and disease,2023,Nature,https://www.nature.com/articles/s41586-023-06802-1.pdf,data/pdfs/W4389391124.pdf
72,W3217122335,Amyloid-Related Imaging Abnormalities in 2 Phase 3 Studies Evaluating Aducanumab in Patients With Early Alzheimer Disease,2021,JAMA Neurology,https://jamanetwork.com/journals/jamaneurology/articlepdf/2786606/jamaneurology_salloway_2021_oi_210073_1641404428.53594.pdf,data/pdfs/W3217122335.pdf
165,W4210493947,Hippocampus and its involvement in Alzheimer’s disease: a review,2022,3 Biotech,https://link.springer.com/content/pdf/10.1007/s13205-022-03123-4.pdf,data/pdfs/W4210493947.pdf
240,W2995495466,A multi-model deep convolutional neural network for automatic hippocampus segmentation and classification in Alzheimer’s disease,2019,NeuroImage,https://www.sciencedirect.com/science/article/pii/S105381191931050X/pdf,data/pdfs/W2995495466.pdf
141,W2837320447,Brain-wide glymphatic enhancement and clearance in humans assessed with MRI,2018,JCI Insight,http://insight.jci.org/articles/view/121537/files/pdf,data/pdfs/W2837320447.pdf
799,W2946423464,An update on genetic frontotemporal dementia,2019,Journal of Neurology,https://link.springer.com/content/pdf/10.1007/s00415-019-09363-4.pdf,data/pdfs/W2946423464.pdf
78,W2784429314,Brain and blood metabolite signatures of pathology and progression in Alzheimer disease: A targeted metabolomics study,2018,PLoS Medicine,https://journals.plos.org/plosmedicine/article/file?id=10.1371/journal.pmed.1002482&type=printable,data/pdfs/W2784429314.pdf
82,W2892120842,Discriminative Accuracy of [ 18 F]flortaucipir Positron Emission Tomography for Alzheimer Disease vs Other Neurodegenerative Disorders,2018,JAMA,https://jamanetwork.com/journals/jama/articlepdf/2702872/jama_ossenkoppele_2018_pc_180007.pdf,data/pdfs/W2892120842.pdf
248,W3023079706,Development and validation of an interpretable deep learning framework for Alzheimer’s disease classification,2020,Brain,https://academic.oup.com/brain/article-pdf/143/6/1920/33446057/awaa137.pdf,data/pdfs/W3023079706.pdf
106,W2805494981,Brain MRI analysis for Alzheimer’s disease diagnosis using an ensemble system of deep convolutional neural networks,2018,Brain Informatics,https://braininformatics.springeropen.com/track/pdf/10.1186/s40708-018-0080-3,data/pdfs/W2805494981.pdf
250,W2909533222,A Review on a Deep Learning Perspective in Brain Cancer Classification,2019,Cancers,https://www.mdpi.com/2072-6694/11/1/111/pdf?version=1547824359,data/pdfs/W2909533222.pdf
498,W2936365596,White matter hyperintensities in vascular contributions to cognitive impairment and dementia (VCID): Knowledge gaps and opportunities,2019,Alzheimer s & Dementia Translational Research & Clinical Interventions,https://onlinelibrary.wiley.com/doi/pdfdirect/10.1016/j.trci.2019.02.001,data/pdfs/W2936365596.pdf
97,W2883737562,Assessing Synaptic Density in Alzheimer Disease With Synaptic Vesicle Glycoprotein 2A Positron Emission Tomographic Imaging,2018,JAMA Neurology,https://jamanetwork.com/journals/jamaneurology/articlepdf/2687472/jamaneurology_chen_2018_oi_180044.pdf,data/pdfs/W2883737562.pdf
75,W3006513902,Biological subtypes of Alzheimer disease,2020,Neurology,https://n.neurology.org/content/neurology/94/10/436.full.pdf,data/pdfs/W3006513902.pdf
255,W2914209001,Predicting Alzheimer’s disease progression using multi-modal deep learning approach,2019,Scientific Reports,https://www.nature.com/articles/s41598-018-37769-z.pdf,data/pdfs/W2914209001.pdf
123,W2900386946,Convolutional Neural Networks-Based MRI Image Analysis for the Alzheimer’s Disease Prediction From Mild Cognitive Impairment,2018,Frontiers in Neuroscience,https://www.frontiersin.org/articles/10.3389/fnins.2018.00777/pdf,data/pdfs/W2900386946.pdf
519,W3109863006,Frequent neurocognitive deficits after recovery from mild COVID-19,2020,Brain Communications,https://academic.oup.com/braincomms/article-pdf/2/2/fcaa205/38696611/fcaa205.pdf,data/pdfs/W3109863006.pdf
85,W2906702113,Assessment of Racial Disparities in Biomarkers for Alzheimer Disease,2019,JAMA Neurology,https://jamanetwork.com/journals/jamaneurology/articlepdf/2719700/jamaneurology_morris_2019_oi_180096.pdf,data/pdfs/W2906702113.pdf
606,W2895258853,Systematic Review on Resting-State EEG for Alzheimer’s Disease Diagnosis and Progression Assessment,2018,Disease Markers,https://onlinelibrary.wiley.com/doi/pdfdirect/10.1155/2018/5174815,data/pdfs/W2895258853.pdf
90,W3173195087,DEMNET: A Deep Learning Model for Early Diagnosis of Alzheimer Diseases and Dementia From MR Images,2021,IEEE Access,https://ieeexplore.ieee.org/ielx7/6287639/9312710/09459692.pdf,data/pdfs/W3173195087.pdf
253,W3210926952,Deep Learning Approach for Early Detection of Alzheimer’s Disease,2021,Cognitive Computation,https://link.springer.com/content/pdf/10.1007/s12559-021-09946-2.pdf,data/pdfs/W3210926952.pdf
458,W4393992045,Interpreting artificial intelligence models: a systematic review on the application of LIME and SHAP in Alzheimer’s disease detection,2024,Brain Informatics,https://braininformatics.springeropen.com/counter/pdf/10.1186/s40708-024-00222-1,data/pdfs/W4393992045.pdf
663,W2964104722,Locus coeruleus imaging as a biomarker for noradrenergic dysfunction in neurodegenerative diseases,2019,Brain,https://academic.oup.com/brain/article-pdf/142/9/2558/29222535/awz193.pdf,data/pdfs/W2964104722.pdf
234,W2887293045,Magnetic resonance imaging in Alzheimer’s disease and mild cognitive impairment,2018,Journal of Neurology,https://link.springer.com/content/pdf/10.1007/s00415-018-9016-3.pdf,data/pdfs/W2887293045.pdf
195,W2762081760,Multimodal and Multiscale Deep Neural Networks for the Early Diagnosis of Alzheimer’s Disease using structural MR and FDG-PET images,2018,Scientific Reports,https://www.nature.com/articles/s41598-018-22871-z.pdf,data/pdfs/W2762081760.pdf
104,W3035782677,"Safety, Efficacy, and Feasibility of Intranasal Insulin for the Treatment of Mild Cognitive Impairment and Alzheimer Disease Dementia",2020,JAMA Neurology,https://jamanetwork.com/journals/jamaneurology/articlepdf/2767376/jamaneurology_craft_2020_oi_200040_1598965184.79141.pdf,data/pdfs/W3035782677.pdf
58,W4296343725,Association of MRI Indices of Glymphatic System With Amyloid Deposition and Cognition in Mild Cognitive Impairment and Alzheimer Disease,2022,Neurology,https://n.neurology.org/content/neurology/99/24/e2648.full.pdf,data/pdfs/W4296343725.pdf
77,W2883326166,CSF biomarkers of neuroinflammation and cerebrovascular dysfunction in early Alzheimer disease,2018,Neurology,https://n.neurology.org/content/neurology/91/9/e867.full.pdf,data/pdfs/W2883326166.pdf
803,W3015813913,Noninvasive hippocampal blood−brain barrier opening in Alzheimer’s disease with focused ultrasound,2020,Proceedings of the National Academy of Sciences,https://www.pnas.org/content/pnas/117/17/9180.full.pdf,data/pdfs/W3015813913.pdf
626,W3092650901,Longitudinal plasma p-tau217 is increased in early stages of Alzheimer’s disease,2020,Brain,https://academic.oup.com/brain/article-pdf/143/11/3234/36134842/awaa286.pdf,data/pdfs/W3092650901.pdf
617,W2884781986,Classification and Prediction of Brain Disorders Using Functional Connectivity: Promising but Challenging,2018,Frontiers in Neuroscience,https://www.frontiersin.org/articles/10.3389/fnins.2018.00525/pdf,data/pdfs/W2884781986.pdf
594,W3125069671,A multilayer multimodal detection and prediction model based on explainable artificial intelligence for Alzheimer’s disease,2021,Scientific Reports,https://www.nature.com/articles/s41598-021-82098-3.pdf,data/pdfs/W3125069671.pdf
507,W3158545443,Pro-inflammatory interleukin-6 signaling links cognitive impairments and peripheral metabolic alterations in Alzheimer’s disease,2021,Translational Psychiatry,https://www.nature.com/articles/s41398-021-01349-z.pdf,data/pdfs/W3158545443.pdf
889,W3000313970,Functional brain architecture is associated with the rate of tau accumulation in Alzheimer’s disease,2020,Nature Communications,https://www.nature.com/articles/s41467-019-14159-1.pdf,data/pdfs/W3000313970.pdf
492,W2790545717,Altered bile acid profile in mild cognitive impairment and Alzheimer's disease: Relationship to neuroimaging and CSF biomarkers,2018,Alzheimer s & Dementia,https://onlinelibrary.wiley.com/doi/pdfdirect/10.1016/j.jalz.2018.08.012,data/pdfs/W2790545717.pdf
327,W4205241347,Amelioration of Alzheimer’s disease pathology by mitophagy inducers identified via machine learning and a cross-species workflow,2022,Nature Biomedical Engineering,https://www.nature.com/articles/s41551-021-00819-5.pdf,data/pdfs/W4205241347.pdf
241,W2958717882,Functional and/or structural brain changes in response to resistance exercises and resistance training lead to cognitive improvements – a systematic review,2019,European Review of Aging and Physical Activity,https://eurapa.biomedcentral.com/track/pdf/10.1186/s11556-019-0217-2,data/pdfs/W2958717882.pdf
520,W4384665281,Trial of the MIND Diet for Prevention of Cognitive Decline in Older Persons,2023,New England Journal of Medicine,https://pmc.ncbi.nlm.nih.gov/articles/PMC10513737/pdf/nihms-1925840.pdf,data/pdfs/W4384665281.pdf
177,W2907477685,Associations between vascular risk factors and brain MRI indices in UK Biobank,2019,European Heart Journal,https://academic.oup.com/eurheartj/article-pdf/40/28/2290/28968838/ehz100.pdf,data/pdfs/W2907477685.pdf
902,W3038220767,Longitudinal ComBat: A method for harmonizing longitudinal multi-scanner imaging data,2020,NeuroImage,https://www.sciencedirect.com/science/article/pii/S1053811920306157/pdf,data/pdfs/W3038220767.pdf
83,W2910556588,"Associations between tau, Aβ, and cortical thickness with cognition in Alzheimer disease",2019,Neurology,https://n.neurology.org/content/neurology/92/6/e601.full.pdf,data/pdfs/W2910556588.pdf
294,W2993219936,Classification and Visualization of Alzheimer’s Disease using Volumetric Convolutional Neural Network and Transfer Learning,2019,Scientific Reports,https://www.nature.com/articles/s41598-019-54548-6.pdf,data/pdfs/W2993219936.pdf
296,W3025729836,Early Detection of Alzheimer’s Disease Using Magnetic Resonance Imaging: A Novel Approach Combining Convolutional Neural Networks and Ensemble Learning,2020,Frontiers in Neuroscience,https://www.frontiersin.org/articles/10.3389/fnins.2020.00259/pdf,data/pdfs/W3025729836.pdf
81,W3174860908,Accuracy of Tau Positron Emission Tomography as a Prognostic Marker in Preclinical and Prodromal Alzheimer Disease,2021,JAMA Neurology,https://jamanetwork.com/journals/jamaneurology/articlepdf/2781465/jamaneurology_ossenkoppele_2021_oi_210030_1628705008.40748.pdf,data/pdfs/W3174860908.pdf
627,W4383906895,Pathophysiology and probable etiology of cerebral small vessel disease in vascular dementia and Alzheimer’s disease,2023,Molecular Neurodegeneration,https://molecularneurodegeneration.biomedcentral.com/counter/pdf/10.1186/s13024-023-00640-5,data/pdfs/W4383906895.pdf
145,W2956993163,Layer-Wise Relevance Propagation for Explaining Deep Neural Network Decisions in MRI-Based Alzheimer's Disease Classification,2019,Frontiers in Aging Neuroscience,https://www.frontiersin.org/articles/10.3389/fnagi.2019.00194/pdf,data/pdfs/W2956993163.pdf
325,W2886445457,Machine learning of neuroimaging for assisted diagnosis of cognitive impairment and dementia: A systematic review,2018,Alzheimer s & Dementia Diagnosis Assessment & Disease Monitoring,https://onlinelibrary.wiley.com/doi/pdfdirect/10.1016/j.dadm.2018.07.004,data/pdfs/W2886445457.pdf
623,W2955418937,Neuroimaging Biomarkers for Alzheimer’s Disease,2019,Molecular Neurodegeneration,https://molecularneurodegeneration.biomedcentral.com/track/pdf/10.1186/s13024-019-0325-5,data/pdfs/W2955418937.pdf
305,W3202902530,Machine learning methods for predicting progression from mild cognitive impairment to Alzheimer’s disease dementia: a systematic review,2021,Alzheimer s Research & Therapy,https://alzres.biomedcentral.com/track/pdf/10.1186/s13195-021-00900-w,data/pdfs/W3202902530.pdf
328,W3107095885,A comparison of machine learning methods for survival analysis of high-dimensional clinical data for dementia prediction,2020,Scientific Reports,https://www.nature.com/articles/s41598-020-77220-w.pdf,data/pdfs/W3107095885.pdf
80,W2887375324,"Influence of tau PET, amyloid PET, and hippocampal volume on cognition in Alzheimer disease",2018,Neurology,https://n.neurology.org/content/neurology/91/9/e859.full.pdf,data/pdfs/W2887375324.pdf
320,W2894776090,"Cerebral Small Vessel Disease: A Review Focusing on Pathophysiology, Biomarkers, and Machine Learning Strategies",2018,Journal of Stroke,http://www.j-stroke.org/upload/pdf/jos-2017-02922.pdf,data/pdfs/W2894776090.pdf
256,W3133909080,Machine Learning and Deep Learning Approaches for Brain Disease Diagnosis: Principles and Recent Advances,2021,IEEE Access,https://ieeexplore.ieee.org/ielx7/6287639/9312710/09363896.pdf,data/pdfs/W3133909080.pdf
258,W2942882625,Deep Learning Framework for Alzheimer’s Disease Diagnosis via 3D-CNN and FSBi-LSTM,2019,IEEE Access,https://ieeexplore.ieee.org/ielx7/6287639/8600701/08703035.pdf,data/pdfs/W2942882625.pdf
779,W2995524996,Association of Apolipoprotein E ε4 With Medial Temporal Tau Independent of Amyloid-β,2019,JAMA Neurology,https://jamanetwork.com/journals/jamaneurology/articlepdf/2757605/jamaneurology_therriault_2019_oi_190102.pdf,data/pdfs/W2995524996.pdf
793,W3088567733,Neuroimaging advances regarding subjective cognitive decline in preclinical Alzheimer’s disease,2020,Molecular Neurodegeneration,https://molecularneurodegeneration.biomedcentral.com/track/pdf/10.1186/s13024-020-00395-3,data/pdfs/W3088567733.pdf
128,W4291002587,An MRI-based deep learning approach for accurate detection of Alzheimer’s disease,2022,Alexandria Engineering Journal,https://www.sciencedirect.com/science/article/pii/S1110016822005191/pdf,data/pdfs/W4291002587.pdf
775,W2969795325,Associations between blood pressure across adulthood and late-life brain structure and pathology in the neuroscience substudy of the 1946 British birth cohort (Insight 46): an epidemiological study,2019,The Lancet Neurology,http://www.thelancet.com/article/S1474442219302285/pdf,data/pdfs/W2969795325.pdf
103,W2951110865,In Vivo Characterization and Quantification of Neurofibrillary Tau PET Radioligand 18 F-MK-6240 in Humans from Alzheimer Disease Dementia to Young Controls,2018,Journal of Nuclear Medicine,http://jnm.snmjournals.org/content/60/1/93.full.pdf,data/pdfs/W2951110865.pdf
117,W3005273529,A Deep Siamese Convolution Neural Network for Multi-Class Classification of Alzheimer Disease,2020,Brain Sciences,https://www.mdpi.com/2076-3425/10/2/84/pdf?version=1580985275,data/pdfs/W3005273529.pdf
31,W4392959526,"Glymphatic system dysfunction predicts amyloid deposition, neurodegeneration, and clinical progression in Alzheimer's disease",2024,Alzheimer s & Dementia,https://onlinelibrary.wiley.com/doi/pdfdirect/10.1002/alz.13789,data/pdfs/W4392959526.pdf
126,W4304014880,Magnetic Resonance Images Implicate That Glymphatic Alterations Mediate Cognitive Dysfunction in Alzheimer Disease,2022,Annals of Neurology,https://onlinelibrary.wiley.com/doi/pdfdirect/10.1002/ana.26516,data/pdfs/W4304014880.pdf
495,W3157331556,Diagnostic power of resting‐state fMRI for detection of network connectivity in Alzheimer's disease and mild cognitive impairment: A systematic review,2021,Human Brain Mapping,https://onlinelibrary.wiley.com/doi/pdfdirect/10.1002/hbm.25369,data/pdfs/W3157331556.pdf
493,W2945363574,Differentiation of mild cognitive impairment using an entorhinal cortex-based test of virtual reality navigation,2019,Brain,https://academic.oup.com/brain/article-pdf/142/6/1751/28706714/awz116.pdf,data/pdfs/W2945363574.pdf
287,W3010770988,Optimal Feature Selection-Based Medical Image Classification Using Deep Learning Model in Internet of Medical Things,2020,IEEE Access,https://ieeexplore.ieee.org/ielx7/6287639/8948470/09039644.pdf,data/pdfs/W3010770988.pdf
755,W2805773775,Classification of Alzheimer’s Disease by Combination of Convolutional and Recurrent Neural Networks Using FDG-PET Images,2018,Frontiers in Neuroinformatics,https://www.frontiersin.org/articles/10.3389/fninf.2018.00035/pdf,data/pdfs/W2805773775.pdf
323,W3134680770,Machine Learning and Novel Biomarkers for the Diagnosis of Alzheimer’s Disease,2021,International Journal of Molecular Sciences,https://www.mdpi.com/1422-0067/22/5/2761/pdf?version=1615342599,data/pdfs/W3134680770.pdf
124,W2896917224,Association of Chronic Low-grade Inflammation With Risk of Alzheimer Disease in ApoE4 Carriers,2018,JAMA Network Open,https://jamanetwork.com/journals/jamanetworkopen/articlepdf/2707427/tao_2018_oi_180167.pdf,data/pdfs/W2896917224.pdf
112,W3021135759,Diagnostic Performance of RO948 F 18 Tau Positron Emission Tomography in the Differentiation of Alzheimer Disease From Other Neurodegenerative Disorders,2020,JAMA Neurology,https://jamanetwork.com/journals/jamaneurology/articlepdf/2765841/jamaneurology_leuzy_2020_oi_200021_1596744478.06984.pdf,data/pdfs/W3021135759.pdf
812,W2950613646,"Hippocampal volume across age: Nomograms derived from over 19,700 people in UK Biobank",2019,NeuroImage Clinical,https://www.sciencedirect.com/science/article/pii/S2213158219302542/pdf,data/pdfs/W2950613646.pdf
698,W4392168796,A Comprehensive Review on Synergy of Multi-Modal Data and AI Technologies in Medical Diagnosis,2024,Bioengineering,https://www.mdpi.com/2306-5354/11/3/219/pdf?version=1708858254,data/pdfs/W4392168796.pdf
530,W4389143955,"Cerebral Small Vessel Disease, Hypertension, and Vascular Contributions to Cognitive Impairment and Dementia",2023,Hypertension,https://www.ahajournals.org/doi/pdf/10.1161/HYPERTENSIONAHA.123.19943,data/pdfs/W4389143955.pdf
127,W4296286739,Evaluating the Safety and Efficacy of Crenezumab vs Placebo in Adults With Early Alzheimer Disease,2022,JAMA Neurology,https://jamanetwork.com/journals/jamaneurology/articlepdf/2796551/jamaneurology_ostrowitzki_2022_oi_220054_1667929377.75124.pdf,data/pdfs/W4296286739.pdf
187,W3080123676,Automated segmentation of the hypothalamus and associated subunits in brain MRI,2020,NeuroImage,https://www.sciencedirect.com/science/article/pii/S1053811920307734/pdf,data/pdfs/W3080123676.pdf
688,W2898477488,Interpretable classification of Alzheimer’s disease pathologies with a convolutional neural network pipeline,2019,Nature Communications,https://www.nature.com/articles/s41467-019-10212-1.pdf,data/pdfs/W2898477488.pdf
158,W2791523793,Extravascular CD3+ T Cells in Brains of Alzheimer Disease Patients Correlate with Tau but Not with Amyloid Pathology: An Immunohistochemical Study,2018,Neurodegenerative Diseases,https://www.karger.com/Article/Pdf/486200,data/pdfs/W2791523793.pdf
171,W3034151505,MRI Segmentation and Classification of Human Brain Using Deep Learning for Diagnosis of Alzheimer’s Disease: A Survey,2020,Sensors,https://www.mdpi.com/1424-8220/20/11/3243/pdf,data/pdfs/W3034151505.pdf
794,W3018148317,Imaging biomarkers in neurodegeneration: current and future practices,2020,Alzheimer s Research & Therapy,https://alzres.biomedcentral.com/track/pdf/10.1186/s13195-020-00612-7,data/pdfs/W3018148317.pdf
257,W3092100795,A Survey on Deep Learning for Neuroimaging-Based Brain Disorder Analysis,2020,Frontiers in Neuroscience,https://www.frontiersin.org/articles/10.3389/fnins.2020.00779/pdf,data/pdfs/W3092100795.pdf
269,W3019196002,Alzheimer’s Diseases Detection by Using Deep Learning Algorithms: A Mini-Review,2020,IEEE Access,https://ieeexplore.ieee.org/ielx7/6287639/8948470/09075205.pdf,data/pdfs/W3019196002.pdf
436,W4318767763,SynthSR: A public AI tool to turn heterogeneous clinical brain scans into high-resolution T1-weighted images for 3D morphometry,2023,Science Advances,https://www.science.org/doi/pdf/10.1126/sciadv.add3607?download=true,data/pdfs/W4318767763.pdf
552,W3131390313,A 3D densely connected convolution neural network with connection-wise attention mechanism for Alzheimer's disease classification,2021,Magnetic Resonance Imaging,https://www.sciencedirect.com/science/article/pii/S0730725X21000138/pdf,data/pdfs/W3131390313.pdf
491,W3082308014,Mild Cognitive Impairment: the Manchester consensus,2020,Age and Ageing,https://academic.oup.com/ageing/article-pdf/50/1/72/35558362/afaa228.pdf,data/pdfs/W3082308014.pdf
170,W3023079795,"Genome-wide association study of MRI markers of cerebral small vessel disease in 42,310 participants",2020,Nature Communications,https://www.nature.com/articles/s41467-020-15932-3.pdf,data/pdfs/W3023079795.pdf
326,W2974138729,Machine learning for comprehensive forecasting of Alzheimer’s Disease progression,2019,Scientific Reports,https://www.nature.com/articles/s41598-019-49656-2.pdf,data/pdfs/W2974138729.pdf
223,W3009532950,Structural magnetic resonance imaging for the early diagnosis of dementia due to Alzheimer's disease in people with mild cognitive impairment,2020,Cochrane Database of Systematic Reviews,https://www.cochranelibrary.com/cdsr/doi/10.1002/14651858.CD009628.pub2/pdf/full,data/pdfs/W3009532950.pdf
268,W4229455411,Deep learning-based brain age prediction in normal aging and dementia,2022,Nature Aging,https://pmc.ncbi.nlm.nih.gov/articles/PMC10154042/pdf/nihms-1883781.pdf,data/pdfs/W4229455411.pdf
939,W2919311607,Lifespan Changes of the Human Brain In Alzheimer’s Disease,2019,Scientific Reports,https://www.nature.com/articles/s41598-019-39809-8.pdf,data/pdfs/W2919311607.pdf
565,W2996482231,"Predicting clinical decline and conversion to Alzheimer’s disease or dementia using novel Elecsys Aβ(1–42), pTau and tTau CSF immunoassays",2019,Scientific Reports,https://www.nature.com/articles/s41598-019-54204-z.pdf,data/pdfs/W2996482231.pdf
202,W3157328277,MADGAN: unsupervised medical anomaly detection GAN using multiple adjacent brain MRI slice reconstruction,2021,BMC Bioinformatics,https://bmcbioinformatics.biomedcentral.com/counter/pdf/10.1186/s12859-020-03936-1,data/pdfs/W3157328277.pdf
284,W3042895962,Deep representation learning of electronic health records to unlock patient stratification at scale,2020,npj Digital Medicine,https://www.nature.com/articles/s41746-020-0301-z.pdf,data/pdfs/W3042895962.pdf
824,W3165570809,Restoring miR-132 expression rescues adult hippocampal neurogenesis and memory deficits in Alzheimer’s disease,2021,Cell stem cell,http://www.cell.com/article/S1934590921002198/pdf,data/pdfs/W3165570809.pdf
288,W4320713070,AlzheimerNet: An Effective Deep Learning Based Proposition for Alzheimer’s Disease Stages Classification From Functional Brain Changes in Magnetic Resonance Images,2023,IEEE Access,https://ieeexplore.ieee.org/ielx7/6287639/6514899/10043854.pdf,data/pdfs/W4320713070.pdf
261,W3013699712,Deep ensemble learning for Alzheimer's disease classification,2020,Journal of Biomedical Informatics,https://www.sciencedirect.com/science/article/pii/S1532046420300393/pdf,data/pdfs/W3013699712.pdf
613,W3033804370,ATN classification and clinical progression in subjective cognitive decline,2020,Neurology,https://n.neurology.org/content/neurology/95/1/e46.full.pdf,data/pdfs/W3033804370.pdf
176,W4306404621,Generalizable deep learning model for early Alzheimer’s disease detection from structural MRIs,2022,Scientific Reports,https://www.nature.com/articles/s41598-022-20674-x.pdf,data/pdfs/W4306404621.pdf
190,W4384080511,DICE-Net: A Novel Convolution-Transformer Architecture for Alzheimer Detection in EEG Signals,2023,IEEE Access,https://ieeexplore.ieee.org/ielx7/6287639/6514899/10179900.pdf,data/pdfs/W4384080511.pdf
514,W2802979508,"The Aerobic and Cognitive Exercise Study (ACES) for Community-Dwelling Older Adults With or At-Risk for Mild Cognitive Impairment (MCI): Neuropsychological, Neurobiological and Neuroimaging Outcomes of a Randomized Clinical Trial",2018,Frontiers in Aging Neuroscience,https://www.frontiersin.org/articles/10.3389/fnagi.2018.00076/pdf,data/pdfs/W2802979508.pdf
65,W4302028668,A deep learning based convolutional neural network model with VGG16 feature extractor for the detection of Alzheimer Disease using MRI scans,2022,Measurement Sensors,https://www.sciencedirect.com/science/article/pii/S2665917422001404/pdf,data/pdfs/W4302028668.pdf
508,W2942247151,Mind-body exercise improves cognitive function and modulates the function and structure of the hippocampus and anterior cingulate cortex in patients with mild cognitive impairment,2019,NeuroImage Clinical,https://www.sciencedirect.com/science/article/pii/S2213158219301846/pdf,data/pdfs/W2942247151.pdf
226,W2913321668,"Tau PET in autosomal dominant Alzheimer’s disease: relationship with cognition, dementia and other biomarkers",2019,Brain,https://academic.oup.com/brain/article-pdf/142/4/1063/28229455/awz019.pdf,data/pdfs/W2913321668.pdf
191,W2904195085,Gradual Disturbances of the Amplitude of Low-Frequency Fluctuations (ALFF) and Fractional ALFF in Alzheimer Spectrum,2018,Frontiers in Neuroscience,https://www.frontiersin.org/articles/10.3389/fnins.2018.00975/pdf,data/pdfs/W2904195085.pdf
336,W4318678031,Machine Learning for Dementia Prediction: A Systematic Review and Future Research Directions,2023,Journal of Medical Systems,https://link.springer.com/content/pdf/10.1007/s10916-023-01906-7.pdf,data/pdfs/W4318678031.pdf
331,W4289545164,"Early diagnosis of Alzheimer’s disease using machine learning: a multi-diagnostic, generalizable approach",2022,Alzheimer s Research & Therapy,https://alzres.biomedcentral.com/counter/pdf/10.1186/s13195-022-01047-y,data/pdfs/W4289545164.pdf
474,W3215941013,Dysfunction of the blood–brain barrier in Alzheimer's disease: Evidence from human studies,2021,Neuropathology and Applied Neurobiology,https://onlinelibrary.wiley.com/doi/pdfdirect/10.1111/nan.12782,data/pdfs/W3215941013.pdf
948,W4386050192,The use of neuroimaging techniques in the early and differential diagnosis of dementia,2023,Molecular Psychiatry,https://www.nature.com/articles/s41380-023-02215-8.pdf,data/pdfs/W4386050192.pdf
260,W2969412643,Deep Learning and Neurology: A Systematic Review,2019,Neurology and Therapy,https://link.springer.com/content/pdf/10.1007/s40120-019-00153-8.pdf,data/pdfs/W2969412643.pdf
183,W2789817872,Revolution of Alzheimer Precision Neurology. Passageway of Systems Biology and Neurophysiology,2018,Journal of Alzheimer s Disease,https://content.iospress.com:443/download/journal-of-alzheimers-disease/jad179932?id=journal-of-alzheimers-disease%2Fjad179932,data/pdfs/W2789817872.pdf
6,W4391750907,A novel CNN architecture for accurate early detection and classification of Alzheimer’s disease using MRI data,2024,Scientific Reports,https://www.nature.com/articles/s41598-024-53733-6.pdf,data/pdfs/W4391750907.pdf
807,W2786040699,Heterogeneous patterns of brain atrophy in Alzheimer's disease,2018,Neurobiology of Aging,https://kclpure.kcl.ac.uk/ws/files/86593680/Heterogeneous_patterns_of_brain_POULAKIS_31January2018_GREEN_AAM_CC_BY_NC_ND_.pdf,data/pdfs/W2786040699.pdf
209,W3134925858,An Effective Multimodal Image Fusion Method Using MRI and PET for Alzheimer's Disease Diagnosis,2021,Frontiers in Digital Health,https://www.frontiersin.org/articles/10.3389/fdgth.2021.637386/pdf,data/pdfs/W3134925858.pdf
821,W2904577340,"Type 2 diabetes mellitus, brain atrophy and cognitive decline in older people: a longitudinal study",2018,Diabetologia,https://link.springer.com/content/pdf/10.1007/s00125-018-4778-9.pdf,data/pdfs/W2904577340.pdf
504,W2999987844,Mild behavioral impairment is associated with β‐amyloid but not tau or neurodegeneration in cognitively intact elderly individuals,2020,Alzheimer s & Dementia,https://onlinelibrary.wiley.com/doi/pdfdirect/10.1002/alz.12007,data/pdfs/W2999987844.pdf
632,W4388634755,Explainable Artificial Intelligence in Alzheimer’s Disease Classification: A Systematic Review,2023,Cognitive Computation,https://link.springer.com/content/pdf/10.1007/s12559-023-10192-x.pdf,data/pdfs/W4388634755.pdf
137,W3091886723,Late-onset vs nonmendelian early-onset Alzheimer disease,2020,Neurology Genetics,https://ng.neurology.org/content/nng/6/5/e512.full.pdf,data/pdfs/W3091886723.pdf
213,W3023773746,The reliability of a deep learning model in clinical out-of-distribution MRI data: A multicohort study,2020,Medical Image Analysis,https://www.sciencedirect.com/science/article/pii/S1361841520300785/pdf,data/pdfs/W3023773746.pdf
757,W3013851350,GAN-based synthetic brain PET image generation,2020,Brain Informatics,https://braininformatics.springeropen.com/track/pdf/10.1186/s40708-020-00104-2,data/pdfs/W3013851350.pdf
822,W4318983928,Adult hippocampal neurogenesis in Alzheimer’s disease: A roadmap to clinical relevance,2023,Cell stem cell,http://www.cell.com/article/S1934590923000024/pdf,data/pdfs/W4318983928.pdf
773,W4281701142,"18 F-FDG PET Imaging in Neurodegenerative Dementing Disorders: Insights into Subtype Classification, Emerging Disease Categories, and Mixed Dementia with Copathologies",2022,Journal of Nuclear Medicine,https://jnm.snmjournals.org/content/jnumed/63/Supplement_1/2S.full.pdf,data/pdfs/W4281701142.pdf
334,W3182313452,A Comparative Analysis of Machine Learning Algorithms to Predict Alzheimer’s Disease,2021,Journal of Healthcare Engineering,https://downloads.hindawi.com/journals/jhe/2021/9917919.pdf,data/pdfs/W3182313452.pdf
513,W2884156795,Structural brain imaging in Alzheimer’s disease and mild cognitive impairment: biomarker analysis and shared morphometry database,2018,Scientific Reports,https://www.nature.com/articles/s41598-018-29295-9.pdf,data/pdfs/W2884156795.pdf
432,W3138667573,Computational Modeling of Dementia Prediction Using Deep Neural Network: Analysis on OASIS Dataset,2021,IEEE Access,https://ieeexplore.ieee.org/ielx7/6287639/9312710/09380278.pdf,data/pdfs/W3138667573.pdf
943,W3134726279,Alzheimer's disease detection using depthwise separable convolutional neural networks,2021,Computer Methods and Programs in Biomedicine,https://repository.uwl.ac.uk/id/eprint/7765/1/convNeuralNetworkOptimizationV12_1-Clean%20%283%29.pdf,data/pdfs/W3134726279.pdf
500,W2800992027,Sex Differences in Cognitive Decline in Subjects with High Likelihood of Mild Cognitive Impairment due to Alzheimer’s disease,2018,Scientific Reports,https://www.nature.com/articles/s41598-018-25377-w.pdf,data/pdfs/W2800992027.pdf
108,W2801042920,Longitudinal brain imaging in preclinical Alzheimer disease: impact of APOE ε4 genotype,2018,Brain,https://academic.oup.com/brain/article-pdf/141/6/1828/25083580/awy103.pdf,data/pdfs/W2801042920.pdf
805,W2998606888,Association of Neighborhood-Level Disadvantage With Cerebral and Hippocampal Volume,2020,JAMA Neurology,https://jamanetwork.com/journals/jamaneurology/articlepdf/2757868/jamaneurology_hunt_2020_oi_190106.pdf,data/pdfs/W2998606888.pdf
760,W2914951750,18F-flortaucipir (AV-1451) tau PET in frontotemporal dementia syndromes,2019,Alzheimer s Research & Therapy,https://alzres.biomedcentral.com/counter/pdf/10.1186/s13195-019-0470-7,data/pdfs/W2914951750.pdf
316,W4366828958,Revolutionizing the Early Detection of Alzheimer’s Disease through Non-Invasive Biomarkers: The Role of Artificial Intelligence and Deep Learning,2023,Sensors,https://www.mdpi.com/1424-8220/23/9/4184/pdf?version=1682150140,data/pdfs/W4366828958.pdf
278,W4306742555,"Functional magnetic resonance imaging, deep learning, and Alzheimer's disease: A systematic review",2022,Journal of Neuroimaging,https://onlinelibrary.wiley.com/doi/pdfdirect/10.1111/jon.13063,data/pdfs/W4306742555.pdf
263,W3215630567,Multi-Method Analysis of Medical Records and MRI Images for Early Diagnosis of Dementia and Alzheimer’s Disease Based on Deep Learning and Hybrid Methods,2021,Electronics,https://www.mdpi.com/2079-9292/10/22/2860/pdf?version=1637571718,data/pdfs/W3215630567.pdf
172,W4323539013,Association of Mediterranean-DASH Intervention for Neurodegenerative Delay and Mediterranean Diets With Alzheimer Disease Pathology,2023,Neurology,https://pmc.ncbi.nlm.nih.gov/articles/PMC10259273/pdf/WNL-2023-000079.pdf,data/pdfs/W4323539013.pdf
502,W2172507466,Vitamin and mineral supplementation for preventing dementia or delaying cognitive decline in people with mild cognitive impairment,2018,Cochrane Database of Systematic Reviews,https://www.cochranelibrary.com/cdsr/doi/10.1002/14651858.CD011905.pub2/pdf/full,data/pdfs/W2172507466.pdf
208,W3165780789,Reduced coupling between cerebrospinal fluid flow and global brain activity is linked to Alzheimer disease–related pathology,2021,PLoS Biology,https://journals.plos.org/plosbiology/article/file?id=10.1371/journal.pbio.3001233&type=printable,data/pdfs/W3165780789.pdf
113,W3159579165,"Mediterranean Diet, Alzheimer Disease Biomarkers, and Brain Atrophy in Old Age",2021,Neurology,https://n.neurology.org/content/neurology/96/24/e2920.full.pdf,data/pdfs/W3159579165.pdf
535,W2896079587,Default Mode Network Complexity and Cognitive Decline in Mild Alzheimer’s Disease,2018,Frontiers in Neuroscience,https://www.frontiersin.org/articles/10.3389/fnins.2018.00770/pdf,data/pdfs/W2896079587.pdf
614,W2889611173,Modeling and prediction of clinical symptom trajectories in Alzheimer’s disease using longitudinal data,2018,PLoS Computational Biology,https://journals.plos.org/ploscompbiol/article/file?id=10.1371/journal.pcbi.1006376&type=printable,data/pdfs/W2889611173.pdf
927,W2804251845,Cortical Thickness Estimations of FreeSurfer and the CAT12 Toolbox in Patients with Alzheimer's Disease and Healthy Controls,2018,Journal of Neuroimaging,https://onlinelibrary.wiley.com/doi/pdfdirect/10.1111/jon.12521,data/pdfs/W2804251845.pdf
497,W2787084614,Risk of Conversion to Dementia in a Mild Behavioral Impairment Group Compared to a Psychiatric Group and to a Mild Cognitive Impairment Group,2018,Journal of Alzheimer s Disease,https://content.iospress.com:443/download/journal-of-alzheimers-disease/jad170632?id=journal-of-alzheimers-disease%2Fjad170632,data/pdfs/W2787084614.pdf
819,W4322490490,Hippocampal Vascular Supply and Its Role in Vascular Cognitive Impairment,2023,Stroke,https://www.ahajournals.org/doi/pdf/10.1161/STROKEAHA.122.038263,data/pdfs/W4322490490.pdf
67,W3150382221,Multi-classification of alzheimer disease on magnetic resonance images (MRI) using deep convolutional neural network (DCNN) approaches,2021,International Journal of Advanced Computer Research,https://www.accentsjournals.org/PaperDirectory/Journal/IJACR/2021/3/2.pdf,data/pdfs/W3150382221.pdf
816,W2898398170,Atrophy subtypes in prodromal Alzheimer’s disease are associated with cognitive decline,2018,Brain,https://academic.oup.com/brain/article-pdf/141/12/3443/29154038/awy264.pdf,data/pdfs/W2898398170.pdf
15,W4391440634,An explainable machine learning approach for Alzheimer’s disease classification,2024,Scientific Reports,https://www.nature.com/articles/s41598-024-51985-w.pdf,data/pdfs/W4391440634.pdf
780,W3191270694,Tau-PET and in vivo Braak-staging as prognostic markers of future cognitive decline in cognitively normal to demented individuals,2021,Alzheimer s Research & Therapy,https://alzres.biomedcentral.com/track/pdf/10.1186/s13195-021-00880-x,data/pdfs/W3191270694.pdf
537,W3123195464,Mild behavioral impairment and its relation to tau pathology in preclinical Alzheimer’s disease,2021,Translational Psychiatry,https://www.nature.com/articles/s41398-021-01206-z.pdf,data/pdfs/W3123195464.pdf
538,W2922380399,"Association of short-term cognitive decline and MCI-to-AD dementia conversion with CSF, MRI, amyloid- and 18F-FDG-PET imaging",2019,NeuroImage Clinical,https://www.sciencedirect.com/science/article/pii/S2213158219301214/pdf,data/pdfs/W2922380399.pdf
596,W2983431646,"Prediction and Classification of Alzheimer’s Disease Based on Combined Features From Apolipoprotein-E Genotype, Cerebrospinal Fluid, MR, and FDG-PET Imaging Biomarkers",2019,Frontiers in Computational Neuroscience,https://www.frontiersin.org/articles/10.3389/fncom.2019.00072/pdf,data/pdfs/W2983431646.pdf
272,W4313826410,Hybridized Deep Learning Approach for Detecting Alzheimer’s Disease,2023,Biomedicines,https://www.mdpi.com/2227-9059/11/1/149/pdf?version=1673002875,data/pdfs/W4313826410.pdf
531,W2994611509,The relationship between the gut microbiome and mild cognitive impairment in patients without dementia: a cross-sectional study conducted in Japan,2019,Scientific Reports,https://www.nature.com/articles/s41598-019-55851-y.pdf,data/pdfs/W2994611509.pdf
232,W2927655793,Trajectories of the Hippocampal Subfields Atrophy in the Alzheimer’s Disease: A Structural Imaging Study,2019,Frontiers in Neuroinformatics,https://www.frontiersin.org/articles/10.3389/fninf.2019.00013/pdf,data/pdfs/W2927655793.pdf
173,W4200531219,Biomarker-Based Prediction of Longitudinal Tau Positron Emission Tomography in Alzheimer Disease,2021,JAMA Neurology,https://jamanetwork.com/journals/jamaneurology/articlepdf/2787209/jamaneurology_leuzy_2021_oi_210080_1644604373.66843.pdf,data/pdfs/W4200531219.pdf
221,W3007734058,"Assessment of Demographic, Genetic, and Imaging Variables Associated With Brain Resilience and Cognitive Resilience to Pathological Tau in Patients With Alzheimer Disease",2020,JAMA Neurology,https://jamanetwork.com/journals/jamaneurology/articlepdf/2761854/jamaneurology_ossenkoppele_2020_oi_190119.pdf,data/pdfs/W3007734058.pdf
512,W3007499076,"Complexity Analysis of EEG, MEG, and fMRI in Mild Cognitive Impairment and Alzheimer’s Disease: A Review",2020,Entropy,https://www.mdpi.com/1099-4300/22/2/239/pdf?version=1583048730,data/pdfs/W3007499076.pdf
270,W4384343101,A systematic review on machine learning and deep learning techniques in the effective diagnosis of Alzheimer’s disease,2023,Brain Informatics,https://braininformatics.springeropen.com/counter/pdf/10.1186/s40708-023-00195-7,data/pdfs/W4384343101.pdf
179,W4226153286,Structural progression of Alzheimer’s disease over decades: the MRI staging scheme,2022,Brain Communications,https://academic.oup.com/braincomms/article-pdf/4/3/fcac109/43694408/fcac109.pdf,data/pdfs/W4226153286.pdf
620,W2995611313,"Synaptic biomarkers in CSF aid in diagnosis, correlate with cognition and predict progression in MCI and Alzheimer's disease",2019,Alzheimer s & Dementia Translational Research & Clinical Interventions,https://onlinelibrary.wiley.com/doi/pdfdirect/10.1016/j.trci.2019.11.002,data/pdfs/W2995611313.pdf
274,W2965102627,A Data Augmentation-Based Framework to Handle Class Imbalance Problem for Alzheimer’s Stage Detection,2019,IEEE Access,https://ieeexplore.ieee.org/ielx7/6287639/8600701/08786257.pdf,data/pdfs/W2965102627.pdf
169,W3106237074,Plasma Tau and Neurofilament Light in Frontotemporal Lobar Degeneration and Alzheimer Disease,2020,Neurology,https://n.neurology.org/content/neurology/96/5/e671.full.pdf,data/pdfs/W3106237074.pdf
541,W2954581201,Cortical graph neural network for AD and MCI diagnosis and transfer learning across populations,2019,NeuroImage Clinical,https://www.sciencedirect.com/science/article/pii/S2213158219302797/pdf,data/pdfs/W2954581201.pdf
198,W3097518530,Alzheimer's Disease Detection Through Whole-Brain 3D-CNN MRI,2020,Frontiers in Bioengineering and Biotechnology,https://www.frontiersin.org/articles/10.3389/fbioe.2020.534592/pdf,data/pdfs/W3097518530.pdf
182,W3093158055,Hippocampal subfield volumetry from structural isotropic 1 mm3 MRI scans: A note of caution,2020,Human Brain Mapping,https://onlinelibrary.wiley.com/doi/pdfdirect/10.1002/hbm.25234,data/pdfs/W3093158055.pdf
131,W2953933698,Cognitive reserve and clinical progression in Alzheimer disease,2019,Neurology,https://n.neurology.org/content/neurology/93/4/e334.full.pdf,data/pdfs/W2953933698.pdf
612,W2807758560,Predictive Modeling of the Progression of Alzheimer’s Disease with Recurrent Neural Networks,2018,Scientific Reports,https://www.nature.com/articles/s41598-018-27337-w.pdf,data/pdfs/W2807758560.pdf
227,W4360615067,Accurate Detection of Alzheimer’s Disease Using Lightweight Deep Learning Model on MRI Data,2023,Diagnostics,https://www.mdpi.com/2075-4418/13/7/1216/pdf?version=1679567731,data/pdfs/W4360615067.pdf
686,W3195457683,Artificial Intelligence for Alzheimer’s Disease: Promise or Challenge?,2021,Diagnostics,https://www.mdpi.com/2075-4418/11/8/1473/pdf?version=1628925319,data/pdfs/W3195457683.pdf
345,W3013879439,Machine learning prediction of incidence of Alzheimer’s disease using large-scale administrative health data,2020,npj Digital Medicine,https://www.nature.com/articles/s41746-020-0256-0.pdf,data/pdfs/W3013879439.pdf
218,W4377047595,A deep learning framework for early diagnosis of Alzheimer’s disease on MRI images,2023,Multimedia Tools and Applications,https://link.springer.com/content/pdf/10.1007/s11042-023-15738-7.pdf,data/pdfs/W4377047595.pdf
279,W4319321475,Conventional machine learning and deep learning in Alzheimer's disease diagnosis using neuroimaging: A review,2023,Frontiers in Computational Neuroscience,https://www.frontiersin.org/articles/10.3389/fncom.2023.1038636/pdf,data/pdfs/W4319321475.pdf
203,W2787364052,Quantitative MRI Brain Studies in Mild Cognitive Impairment and Alzheimer's Disease: A Methodological Review,2018,IEEE Reviews in Biomedical Engineering,https://openaccess.city.ac.uk/id/eprint/18891/1/Quantitative%20MRI%20brain%20studies.pdf,data/pdfs/W2787364052.pdf
330,W4319216300,Interpretable machine learning for dementia: A systematic review,2023,Alzheimer s & Dementia,https://onlinelibrary.wiley.com/doi/pdfdirect/10.1002/alz.12948,data/pdfs/W4319216300.pdf
32,W4391531220,An Explainable AI Paradigm for Alzheimer’s Diagnosis Using Deep Transfer Learning,2024,Diagnostics,https://www.mdpi.com/2075-4418/14/3/345/pdf?version=1707136731,data/pdfs/W4391531220.pdf
144,W2964173965,Effect of AZD0530 on Cerebral Metabolic Decline in Alzheimer Disease,2019,JAMA Neurology,https://jamanetwork.com/journals/jamaneurology/articlepdf/2737805/jamaneurology_van_dyck_2019_oi_190053.pdf,data/pdfs/W2964173965.pdf
615,W2909627766,Training recurrent neural networks robust to incomplete data: Application to Alzheimer’s disease progression modeling,2019,Medical Image Analysis,https://arxiv.org/pdf/1903.07173,data/pdfs/W2909627766.pdf
840,W2796838444,"Brain scans from 21,297 individuals reveal the genetic architecture of hippocampal subfield volumes",2018,Molecular Psychiatry,https://www.nature.com/articles/s41380-018-0262-7.pdf,data/pdfs/W2796838444.pdf
154,W3165646674,Blood–Brain Barrier Breakdown in Relationship to Alzheimer and Vascular Disease,2021,Annals of Neurology,https://onlinelibrary.wiley.com/doi/pdfdirect/10.1002/ana.26134,data/pdfs/W3165646674.pdf
920,W2969763172,Classification of Alzheimer’s Disease with and without Imagery Using Gradient Boosted Machines and ResNet-50,2019,Brain Sciences,https://www.mdpi.com/2076-3425/9/9/212/pdf?version=1606723352,data/pdfs/W2969763172.pdf
116,W4221124351,Cost-effectiveness of Aducanumab and Donanemab for Early Alzheimer Disease in the US,2022,JAMA Neurology,https://jamanetwork.com/journals/jamaneurology/articlepdf/2790531/jamaneurology_ross_2022_oi_220008_1651870413.59104.pdf,data/pdfs/W4221124351.pdf
766,W3116212359,Multimodal imaging improves brain age prediction and reveals distinct abnormalities in patients with psychiatric and neurological disorders,2020,Human Brain Mapping,https://onlinelibrary.wiley.com/doi/pdfdirect/10.1002/hbm.25323,data/pdfs/W3116212359.pdf
244,W3214734349,Effect of data leakage in brain MRI classification using 2D convolutional neural networks,2021,Scientific Reports,https://www.nature.com/articles/s41598-021-01681-w.pdf,data/pdfs/W3214734349.pdf
164,W2965916589,Hemoglobin and anemia in relation to dementia risk and accompanying changes on brain MRI,2019,Neurology,https://n.neurology.org/content/neurology/93/9/e917.full.pdf,data/pdfs/W2965916589.pdf
521,W2795554802,White Matter Hyperintensities and Cognition in Mild Cognitive Impairment and Alzheimer’s Disease: A Domain-Specific Meta-Analysis,2018,Journal of Alzheimer s Disease,https://pure.amsterdamumc.nl/files/158522758/White-matter-hyperintensities-and-cognition-in-mild-cognitive-impairment-and-alzheimers-disease-a-domain-specific-meta.pdf,data/pdfs/W2795554802.pdf
107,W3035192651,A Machine Learning Approach for the Differential Diagnosis of Alzheimer and Vascular Dementia Fed by MRI Selected Features,2020,Frontiers in Neuroinformatics,https://www.frontiersin.org/articles/10.3389/fninf.2020.00025/pdf,data/pdfs/W3035192651.pdf
276,W2996431818,A metabolite‐based machine learning approach to diagnose Alzheimer‐type dementia in blood: Results from the European Medical Information Framework for Alzheimer disease biomarker discovery cohort,2019,Alzheimer s & Dementia Translational Research & Clinical Interventions,https://onlinelibrary.wiley.com/doi/pdfdirect/10.1016/j.trci.2019.11.001,data/pdfs/W2996431818.pdf
759,W2817955710,"The EMIF-AD Multimodal Biomarker Discovery study: design, methods and cohort characteristics",2018,Alzheimer s Research & Therapy,https://alzres.biomedcentral.com/track/pdf/10.1186/s13195-018-0396-5,data/pdfs/W2817955710.pdf
283,W4280509767,Deep Learning-Based Diagnosis of Alzheimer’s Disease,2022,Journal of Personalized Medicine,https://www.mdpi.com/2075-4426/12/5/815/pdf?version=1652867732,data/pdfs/W4280509767.pdf
365,W3126990165,Transfer Learning in Magnetic Resonance Brain Imaging: A Systematic Review,2021,Journal of Imaging,https://www.mdpi.com/2313-433X/7/4/66/pdf?version=1617939369,data/pdfs/W3126990165.pdf
212,W3197215693,MRI Deep Learning-Based Solution for Alzheimer’s Disease Prediction,2021,Journal of Personalized Medicine,https://www.mdpi.com/2075-4426/11/9/902/pdf?version=1631180098,data/pdfs/W3197215693.pdf
878,W2942818360,Automated segmentation of medial temporal lobe subregions on in vivo T1‐weighted MRI in early stages of Alzheimer's disease,2019,Human Brain Mapping,https://onlinelibrary.wiley.com/doi/pdfdirect/10.1002/hbm.24607,data/pdfs/W2942818360.pdf
62,W3201408570,CSF Synaptic Biomarkers in the Preclinical Stage of Alzheimer Disease and Their Association With MRI and PET,2021,Neurology,https://n.neurology.org/content/neurology/97/21/e2065.full.pdf,data/pdfs/W3201408570.pdf
119,W3025228866,The implications of different approaches to define AT(N) in Alzheimer disease,2020,Neurology,https://n.neurology.org/content/neurology/94/21/e2233.full.pdf,data/pdfs/W3025228866.pdf
679,W4401894695,Brain clocks capture diversity and disparities in aging and dementia across geographically diverse populations,2024,Nature Medicine,https://www.nature.com/articles/s41591-024-03209-x.pdf,data/pdfs/W4401894695.pdf
624,W4309179914,Early prediction of Alzheimer's disease using convolutional neural network: a review,2022,The Egyptian Journal of Neurology Psychiatry and Neurosurgery,https://ejnpn.springeropen.com/counter/pdf/10.1186/s41983-022-00571-w,data/pdfs/W4309179914.pdf
228,W3188044527,Machine learning for modeling the progression of Alzheimer disease dementia using clinical data: a systematic literature review,2021,JAMIA Open,https://academic.oup.com/jamiaopen/article-pdf/4/3/ooab052/39532874/ooab052.pdf,data/pdfs/W3188044527.pdf
931,W3137667308,Free-water diffusion tensor imaging improves the accuracy and sensitivity of white matter analysis in Alzheimer’s disease,2021,Scientific Reports,https://www.nature.com/articles/s41598-021-86505-7.pdf,data/pdfs/W3137667308.pdf
341,W3014315553,Using Machine Learning to Predict Dementia from Neuropsychiatric Symptom and Neuroimaging Data,2020,Journal of Alzheimer s Disease,https://content.iospress.com:443/download/journal-of-alzheimers-disease/jad191169?id=journal-of-alzheimers-disease%2Fjad191169,data/pdfs/W3014315553.pdf
559,W2959398397,"A Novel Ensemble-Based Machine Learning Algorithm to Predict the Conversion From Mild Cognitive Impairment to Alzheimer's Disease Using Socio-Demographic Characteristics, Clinical Information, and Neuropsychological Measures",2019,Frontiers in Neurology,https://www.frontiersin.org/articles/10.3389/fneur.2019.00756/pdf,data/pdfs/W2959398397.pdf
199,W2782774449,Associations of the Top 20 Alzheimer Disease Risk Variants With Brain Amyloidosis,2018,JAMA Neurology,https://jamanetwork.com/journals/jamaneurology/articlepdf/2669921/jamaneurology_apostolova_2018_oi_170101.pdf,data/pdfs/W2782774449.pdf
303,W4392017795,Alzheimer’s Disease Detection Using Deep Learning on Neuroimaging: A Systematic Review,2024,Machine Learning and Knowledge Extraction,https://www.mdpi.com/2504-4990/6/1/24/pdf?version=1709798900,data/pdfs/W4392017795.pdf
147,W4200234211,Research Criteria for the Behavioral Variant of Alzheimer Disease,2021,JAMA Neurology,https://jamanetwork.com/journals/jamaneurology/articlepdf/2786579/jamaneurology_ossenkoppele_2021_oi_210077_1641404413.86314.pdf,data/pdfs/W4200234211.pdf
813,W3112460701,Exercise interventions preserve hippocampal volume: A meta‐analysis,2020,Hippocampus,https://mdsoar.org/bitstreams/e40e1537-21d9-426a-bbcc-9f0bfc6f5bc6/download,data/pdfs/W3112460701.pdf
246,W2958224166,Cerebral changes improved by physical activity during cognitive decline: A systematic review on MRI studies,2019,NeuroImage Clinical,https://www.sciencedirect.com/science/article/pii/S2213158219302839/pdf,data/pdfs/W2958224166.pdf
809,W2981732074,Distinct tau PET patterns in atrophy‐defined subtypes of Alzheimer's disease,2019,Alzheimer s & Dementia,https://onlinelibrary.wiley.com/doi/pdfdirect/10.1016/j.jalz.2019.08.201,data/pdfs/W2981732074.pdf
540,W2950828186,Genetic risk for alzheimer disease is distinct from genetic risk for amyloid deposition,2019,Annals of Neurology,https://onlinelibrary.wiley.com/doi/pdfdirect/10.1002/ana.25530,data/pdfs/W2950828186.pdf
125,W2903977272,Dynamic 11 C-PiB PET Shows Cerebrospinal Fluid Flow Alterations in Alzheimer Disease and Multiple Sclerosis,2019,Journal of Nuclear Medicine,http://jnm.snmjournals.org/content/60/10/1452.full.pdf,data/pdfs/W2903977272.pdf
836,W2903182503,Tau Accumulation in Clinically Normal Older Adults Is Associated with Hippocampal Hyperactivity,2018,Journal of Neuroscience,https://www.jneurosci.org/content/jneuro/39/3/548.full.pdf,data/pdfs/W2903182503.pdf
501,W2888465170,MRI Asymmetry Index of Hippocampal Subfields Increases Through the Continuum From the Mild Cognitive Impairment to the Alzheimer's Disease,2018,Frontiers in Neuroscience,https://www.frontiersin.org/articles/10.3389/fnins.2018.00576/pdf,data/pdfs/W2888465170.pdf
340,W2805328357,Comparative Analysis of Various Machine Learning Algorithms for Detecting Dementia,2018,Procedia Computer Science,https://www.sciencedirect.com/science/article/pii/S1877050918308342/pdf,data/pdfs/W2805328357.pdf
763,W3094551933,Predicting future rates of tau accumulation on PET,2020,Brain,https://academic.oup.com/brain/article-pdf/143/10/3136/34032320/awaa248.pdf,data/pdfs/W3094551933.pdf
835,W2793407859,FDG-PET in tau-negative amnestic dementia resembles that of autopsy-proven hippocampal sclerosis,2018,Brain,https://academic.oup.com/brain/article-pdf/141/4/1201/25083052/awy049.pdf,data/pdfs/W2793407859.pdf
571,W3154981153,Bidirectional Mapping of Brain MRI and PET With 3D Reversible GAN for the Diagnosis of Alzheimer’s Disease,2021,Frontiers in Neuroscience,https://www.frontiersin.org/articles/10.3389/fnins.2021.646013/pdf,data/pdfs/W3154981153.pdf
533,W2951488689,Diffusion MRI Indices and Their Relation to Cognitive Impairment in Brain Aging: The Updated Multi-protocol Approach in ADNI3,2019,Frontiers in Neuroinformatics,https://www.frontiersin.org/articles/10.3389/fninf.2019.00002/pdf,data/pdfs/W2951488689.pdf
511,W2889691470,Radiomic Features of Hippocampal Subregions in Alzheimer’s Disease and Amnestic Mild Cognitive Impairment,2018,Frontiers in Aging Neuroscience,https://www.frontiersin.org/articles/10.3389/fnagi.2018.00290/pdf,data/pdfs/W2889691470.pdf
197,W3118496727,Temporal Dynamics of β-Amyloid Accumulation in Aging and Alzheimer Disease,2021,Neurology,https://n.neurology.org/content/neurology/96/9/e1347.full.pdf,data/pdfs/W3118496727.pdf
524,W2996205525,Racial Disparity in Cerebrospinal Fluid Amyloid and Tau Biomarkers and Associated Cutoffs for Mild Cognitive Impairment,2019,JAMA Network Open,https://jamanetwork.com/journals/jamanetworkopen/articlepdf/2757481/garrett_2019_oi_190657.pdf,data/pdfs/W2996205525.pdf
548,W2912108320,M/EEG-Based Bio-Markers to Predict the MCI and Alzheimer's Disease: A Review From the ML Perspective,2019,IEEE Transactions on Biomedical Engineering,https://pure.ulster.ac.uk/ws/files/75958611/Accepted_paper.pdf,data/pdfs/W2912108320.pdf
245,W2949150659,Brain volumes and cortical thickness on MRI in the Finnish Geriatric Intervention Study to Prevent Cognitive Impairment and Disability (FINGER),2019,Alzheimer s Research & Therapy,https://alzres.biomedcentral.com/counter/pdf/10.1186/s13195-019-0506-z,data/pdfs/W2949150659.pdf
23,W4391128521,Dual-3DM3AD: Mixed Transformer Based Semantic Segmentation and Triplet Pre-Processing for Early Multi-Class Alzheimer’s Diagnosis,2024,IEEE Transactions on Neural Systems and Rehabilitation Engineering,https://ieeexplore.ieee.org/ielx7/7333/4359219/10412177.pdf,data/pdfs/W4391128521.pdf
532,W2962822388,Sino Longitudinal Study on Cognitive Decline (SILCODE): protocol for a Chinese longitudinal observational study to develop risk prediction models of conversion to mild cognitive impairment in individuals with subjective cognitive decline,2019,BMJ Open,https://bmjopen.bmj.com/content/bmjopen/9/7/e028188.full.pdf,data/pdfs/W2962822388.pdf
267,W4381435789,Explainable Deep-Learning-Based Diagnosis of Alzheimer’s Disease Using Multimodal Input Fusion of PET and MRI Images,2023,Journal of Medical and Biological Engineering,https://link.springer.com/content/pdf/10.1007/s40846-023-00801-3.pdf,data/pdfs/W4381435789.pdf
619,W4379534297,Prediction of Alzheimer’s Disease Using DHO‐Based Pretrained CNN Model,2023,Mathematical Problems in Engineering,https://downloads.hindawi.com/journals/mpe/2023/1110500.pdf,data/pdfs/W4379534297.pdf
219,W3012829482,Association of Sleep-Disordered Breathing With Alzheimer Disease Biomarkers in Community-Dwelling Older Adults,2020,JAMA Neurology,https://jamanetwork.com/journals/jamaneurology/articlepdf/2763344/jamaneurology_andr_2020_oi_200007.pdf,data/pdfs/W3012829482.pdf
196,W2921650926,The metabolic brain signature of cognitive resilience in the 80+: beyond Alzheimer pathologies,2019,Brain,https://academic.oup.com/brain/article-pdf/142/4/1134/28229577/awz037.pdf,data/pdfs/W2921650926.pdf
16,W4392285688,Machine Learning and Digital Biomarkers Can Detect Early Stages of Neurodegenerative Diseases,2024,Sensors,https://www.mdpi.com/1424-8220/24/5/1572/pdf?version=1709194166,data/pdfs/W4392285688.pdf
842,W3164873503,Mild Behavioral Impairment Is Associated With Atrophy of Entorhinal Cortex and Hippocampus in a Memory Clinic Cohort,2021,Frontiers in Aging Neuroscience,https://www.frontiersin.org/articles/10.3389/fnagi.2021.643271/pdf,data/pdfs/W3164873503.pdf
607,W3009939277,Simple MRI score aids prediction of dementia in cerebral small vessel disease,2020,Neurology,https://n.neurology.org/content/neurology/94/12/e1294.full.pdf,data/pdfs/W3009939277.pdf
804,W4321440585,"Elevated dementia risk, cognitive decline, and hippocampal atrophy in multisite chronic pain",2023,Proceedings of the National Academy of Sciences,https://pmc.ncbi.nlm.nih.gov/articles/PMC9992778/pdf/pnas.202215192.pdf,data/pdfs/W4321440585.pdf
855,W4308374520,"Hearing impairment is associated with cognitive decline, brain atrophy and tau pathology",2022,EBioMedicine,http://www.thelancet.com/article/S2352396422005187/pdf,data/pdfs/W4308374520.pdf
68,W4294691653,ADD-Net: An Effective Deep Learning Model for Early Detection of Alzheimer Disease in MRI Scans,2022,IEEE Access,https://ieeexplore.ieee.org/ielx7/6287639/6514899/09877809.pdf,data/pdfs/W4294691653.pdf
314,W3164582063,Predict Alzheimer’s disease using hippocampus MRI data: a lightweight 3D deep convolutional network model with visual and global shape representations,2021,Alzheimer s Research & Therapy,https://alzres.biomedcentral.com/track/pdf/10.1186/s13195-021-00837-0,data/pdfs/W3164582063.pdf
515,W2911184273,Resting Cerebral Blood Flow After Exercise Training in Mild Cognitive Impairment,2019,Journal of Alzheimer s Disease,https://epublications.marquette.edu/context/psych_fac/article/1453/viewcontent/Nielson_12810.pdf,data/pdfs/W2911184273.pdf
302,W4283392132,An MRI Scans-Based Alzheimer’s Disease Detection via Convolutional Neural Network and Transfer Learning,2022,Diagnostics,https://www.mdpi.com/2075-4418/12/7/1531/pdf?version=1655973708,data/pdfs/W4283392132.pdf
188,W4220694836,Alzheimer's disease detection from structural MRI using conditional deep triplet network,2022,Neuroscience Informatics,https://www.sciencedirect.com/science/article/pii/S2772528622000280/pdf,data/pdfs/W4220694836.pdf
242,W4381384569,Artificial intelligence-based diagnosis of Alzheimer's disease with brain MRI images,2023,European Journal of Radiology,http://www.ejradiology.com/article/S0720048X23002486/pdf,data/pdfs/W4381384569.pdf
306,W2781824996,Deep convolutional neural networks for segmenting 3D in vivo multiphoton images of vasculature in Alzheimer disease mouse models,2019,PLoS ONE,https://journals.plos.org/plosone/article/file?id=10.1371/journal.pone.0213539&type=printable,data/pdfs/W2781824996.pdf
254,W2893063021,"Fusion of deep learning models of MRI scans, Mini–Mental State Examination, and logical memory test enhances diagnosis of mild cognitive impairment",2018,Alzheimer s & Dementia Diagnosis Assessment & Disease Monitoring,https://onlinelibrary.wiley.com/doi/pdfdirect/10.1016/j.dadm.2018.08.013,data/pdfs/W2893063021.pdf
834,W4224221075,Subjective cognitive decline and stage 2 of Alzheimer disease in patients from memory centers,2022,Alzheimer s & Dementia,https://onlinelibrary.wiley.com/doi/pdfdirect/10.1002/alz.12674,data/pdfs/W4224221075.pdf
767,W3129955977,Data-driven FDG-PET subtypes of Alzheimer’s disease-related neurodegeneration,2021,Alzheimer s Research & Therapy,https://alzres.biomedcentral.com/track/pdf/10.1186/s13195-021-00785-9,data/pdfs/W3129955977.pdf
556,W3110091475,Selecting the most important self-assessed features for predicting conversion to mild cognitive impairment with random forest and permutation-based methods,2020,Scientific Reports,https://www.nature.com/articles/s41598-020-77296-4.pdf,data/pdfs/W3110091475.pdf
769,W2912954741,Longitudinal multimodal imaging and clinical endpoints for frontotemporal dementia clinical trials,2018,Brain,https://academic.oup.com/brain/article-pdf/142/2/443/27635481/awy319.pdf,data/pdfs/W2912954741.pdf
349,W4281972751,EEG Signal Processing and Supervised Machine Learning to Early Diagnose Alzheimer’s Disease,2022,Applied Sciences,https://www.mdpi.com/2076-3417/12/11/5413/pdf?version=1653877369,data/pdfs/W4281972751.pdf
777,W3158066143,PET Neuroimaging of Alzheimer's Disease: Radiotracers and Their Utility in Clinical Research,2021,Frontiers in Aging Neuroscience,https://www.frontiersin.org/articles/10.3389/fnagi.2021.624330/pdf,data/pdfs/W3158066143.pdf
631,W4388728345,Explainable AI-based Alzheimer’s prediction and management using multimodal data,2023,PLoS ONE,https://journals.plos.org/plosone/article/file?id=10.1371/journal.pone.0294253&type=printable,data/pdfs/W4388728345.pdf
315,W4385367108,An Efficient Ensemble Approach for Alzheimer’s Disease Detection Using an Adaptive Synthetic Technique and Deep Learning,2023,Diagnostics,https://www.mdpi.com/2075-4418/13/15/2489/pdf?version=1690418553,data/pdfs/W4385367108.pdf
189,W2964609233,Identification of the Early Stage of Alzheimer's Disease Using Structural MRI and Resting-State fMRI,2019,Frontiers in Neurology,https://www.frontiersin.org/articles/10.3389/fneur.2019.00904/pdf,data/pdfs/W2964609233.pdf
24,W4392342608,Automated detection of Alzheimer’s disease: a multi-modal approach with 3D MRI and amyloid PET,2024,Scientific Reports,https://www.nature.com/articles/s41598-024-56001-9.pdf,data/pdfs/W4392342608.pdf
923,W4321203112,Four-way classification of Alzheimer’s disease using deep Siamese convolutional neural network with triplet-loss function,2023,Brain Informatics,https://braininformatics.springeropen.com/counter/pdf/10.1186/s40708-023-00184-w,data/pdfs/W4321203112.pdf
192,W3016025808,A comparison of resting state EEG and structural MRI for classifying Alzheimer’s disease and mild cognitive impairment,2020,NeuroImage,https://www.sciencedirect.com/science/article/pii/S1053811920302822/pdf,data/pdfs/W3016025808.pdf
215,W2915982396,Microglial activation in early Alzheimer trajectory is associated with higher gray matter volume,2019,Neurology,https://n.neurology.org/content/neurology/92/12/e1331.full.pdf,data/pdfs/W2915982396.pdf
311,W3214901597,A deep learning framework identifies dimensional representations of Alzheimer’s Disease from brain structure,2021,Nature Communications,https://www.nature.com/articles/s41467-021-26703-z.pdf,data/pdfs/W3214901597.pdf
874,W3035710795,Harnessing peripheral DNA methylation differences in the Alzheimer’s Disease Neuroimaging Initiative (ADNI) to reveal novel biomarkers of disease,2020,Clinical Epigenetics,https://clinicalepigeneticsjournal.biomedcentral.com/track/pdf/10.1186/s13148-020-00864-y,data/pdfs/W3035710795.pdf
343,W2931768583,Machine learning based hierarchical classification of frontotemporal dementia and Alzheimer's disease,2019,NeuroImage Clinical,https://www.sciencedirect.com/science/article/pii/S2213158219301615/pdf,data/pdfs/W2931768583.pdf
875,W4386624665,The Alzheimer's Disease Neuroimaging Initiative in the era of Alzheimer's disease treatment: A review of ADNI studies from 2021 to 2022,2023,Alzheimer s & Dementia,https://scholarworks.indianapolis.iu.edu/bitstreams/7912fb84-5a45-47ca-a3ac-cabdd59fcedf/download,data/pdfs/W4386624665.pdf
550,W4226078642,Prediction Models for Conversion From Mild Cognitive Impairment to Alzheimer’s Disease: A Systematic Review and Meta-Analysis,2022,Frontiers in Aging Neuroscience,https://www.frontiersin.org/articles/10.3389/fnagi.2022.840386/pdf,data/pdfs/W4226078642.pdf
750,W3106819668,3D CNN Design for the Classification of Alzheimer’s Disease Using Brain MRI and PET,2020,IEEE Access,https://ieeexplore.ieee.org/ielx7/6287639/6514899/09269972.pdf,data/pdfs/W3106819668.pdf
567,W2978201752,"Early diagnosis of Alzheimer’s disease using combined features from voxel-based morphometry and cortical, subcortical, and hippocampus regions of MRI T1 brain images",2019,PLoS ONE,https://journals.plos.org/plosone/article/file?id=10.1371/journal.pone.0222446&type=printable,data/pdfs/W2978201752.pdf
864,W3183625741,Brain Shape Changes Associated With Cerebral Atrophy in Healthy Aging and Alzheimer’s Disease,2021,Frontiers in Mechanical Engineering,https://www.frontiersin.org/articles/10.3389/fmech.2021.705653/pdf,data/pdfs/W3183625741.pdf
820,W3141652702,Plasma P‐tau181 to Aβ42 ratio is associated with brain amyloid burden and hippocampal atrophy in an Asian cohort of Alzheimer's disease patients with concomitant cerebrovascular disease,2021,Alzheimer s & Dementia,https://pure.eur.nl/files/76537431/Zetterberg_Chong.pdf,data/pdfs/W3141652702.pdf
574,W4322757582,"Plasma Glial Fibrillary Acidic Protein in the Alzheimer Disease Continuum: Relationship to Other Biomarkers, Differential Diagnosis, and Prediction of Clinical Progression",2023,Clinical Chemistry,https://academic.oup.com/clinchem/article-pdf/69/4/411/49733048/hvad018.pdf,data/pdfs/W4322757582.pdf
322,W4311496987,Deep learning-based speech analysis for Alzheimer’s disease detection: a literature review,2022,Alzheimer s Research & Therapy,https://alzres.biomedcentral.com/counter/pdf/10.1186/s13195-022-01131-3,data/pdfs/W4311496987.pdf
928,W3042249111,Multitracer model for staging cortical amyloid deposition using PET imaging,2020,Neurology,https://n.neurology.org/content/neurology/95/11/e1538.full.pdf,data/pdfs/W3042249111.pdf
216,W2810595994,Loss of white matter integrity reflects tau accumulation in Alzheimer disease defined regions,2018,Neurology,https://n.neurology.org/content/neurology/91/4/e313.full.pdf,data/pdfs/W2810595994.pdf
871,W4296460175,Association of Data-Driven White Matter Hyperintensity Spatial Signatures With Distinct Cerebral Small Vessel Disease Etiologies,2022,Neurology,https://www.neurology.org/doi/pdf/10.1212/WNL.0000000000201186,data/pdfs/W4296460175.pdf
872,W3157152805,Data Augmentation in High Dimensional Low Sample Size Setting Using a Geometry-Based Variational Autoencoder,2022,IEEE Transactions on Pattern Analysis and Machine Intelligence,https://arxiv.org/pdf/2105.00026,data/pdfs/W3157152805.pdf
516,W4206015401,A phase II study repurposing atomoxetine for neuroprotection in mild cognitive impairment,2021,Brain,https://academic.oup.com/brain/article-pdf/145/6/1924/46768006/awab452.pdf,data/pdfs/W4206015401.pdf
628,W2886266252,Disease progression timeline estimation for Alzheimer's disease using discriminative event based modeling,2018,NeuroImage,https://www.sciencedirect.com/science/article/am/pii/S1053811918321025?via%3Dihub,data/pdfs/W2886266252.pdf
308,W4310386991,Dementia Detection from Speech Using Machine Learning and Deep Learning Architectures,2022,Sensors,https://www.mdpi.com/1424-8220/22/23/9311/pdf?version=1669771723,data/pdfs/W4310386991.pdf
887,W3036591144,"Association Between Common Variants in RBFOX1, an RNA-Binding Protein, and Brain Amyloidosis in Early and Preclinical Alzheimer Disease",2020,JAMA Neurology,https://jamanetwork.com/journals/jamaneurology/articlepdf/2767374/jamaneurology_raghavan_2020_oi_200038_1601489481.09034.pdf,data/pdfs/W3036591144.pdf
558,W2912509763,"Predicting Short-term MCI-to-AD Progression Using Imaging, CSF, Genetic Factors, Cognitive Resilience, and Demographics",2019,Scientific Reports,https://www.nature.com/articles/s41598-019-38793-3.pdf,data/pdfs/W2912509763.pdf
850,W2900959771,A signature pattern of cortical atrophy in dementia with Lewy bodies: A study on 333 patients from the European DLB consortium,2018,Alzheimer s & Dementia,https://kclpure.kcl.ac.uk/portal/files/102207826/A_signature_pattern_of_AARSLAND_2018_GREEN_AAM.pdf,data/pdfs/W2900959771.pdf
808,W2795232397,Dissociable influences of APOE ε4 and polygenic risk of AD dementia on amyloid and cognition,2018,Neurology,https://n.neurology.org/content/neurology/90/18/e1605.full.pdf,data/pdfs/W2795232397.pdf
843,W3042593587,Dynamic Regional Brain Atrophy Rates in the First Year After Ischemic Stroke,2020,Stroke,https://www.ahajournals.org/doi/pdf/10.1161/STROKEAHA.120.030256,data/pdfs/W3042593587.pdf
815,W3037614667,Human iPSC-Derived Hippocampal Spheroids: An Innovative Tool for Stratifying Alzheimer Disease Patient-Specific Cellular Phenotypes and Developing Therapies,2020,Stem Cell Reports,http://www.cell.com/article/S2213671120301922/pdf,data/pdfs/W3037614667.pdf
344,W3020567747,An Improved Multi-Modal based Machine Learning Approach for the Prognosis of Alzheimer’s disease,2020,Journal of King Saud University - Computer and Information Sciences,https://www.sciencedirect.com/science/article/pii/S1319157820303396/pdf,data/pdfs/W3020567747.pdf
156,W2925737272,Progressive Tau Accumulation in Alzheimer Disease: 2-Year Follow-up Study,2019,Journal of Nuclear Medicine,http://jnm.snmjournals.org/content/60/11/1611.full.pdf,data/pdfs/W2925737272.pdf
534,W2998206163,Arterial spin labeling versus 18F-FDG-PET to identify mild cognitive impairment,2019,NeuroImage Clinical,https://www.sciencedirect.com/science/article/pii/S2213158219304929/pdf,data/pdfs/W2998206163.pdf
547,W2964250703,Predicting MCI Status From Multimodal Language Data Using Cascaded Classifiers,2019,Frontiers in Aging Neuroscience,https://www.frontiersin.org/articles/10.3389/fnagi.2019.00205/pdf,data/pdfs/W2964250703.pdf
194,W2911001278,Predicting diagnosis and cognition with 18 F‐AV‐1451 tau PET and structural MRI in Alzheimer's disease,2019,Alzheimer s & Dementia,https://pure.amsterdamumc.nl/ws/files/157715408/Predicting-diagnosis-and-cognition-with-18f-av-1451-tau-pet-and-structural-mri-in-alzheimers-disease.pdf,data/pdfs/W2911001278.pdf
838,W4200119814,Impact of multisession 40Hz tACS on hippocampal perfusion in patients with Alzheimer’s disease,2021,Alzheimer s Research & Therapy,https://alzres.biomedcentral.com/track/pdf/10.1186/s13195-021-00922-4,data/pdfs/W4200119814.pdf
891,W2922738555,Characterization of White Matter Hyperintensities in Large-Scale MRI-Studies,2019,Frontiers in Neurology,https://www.frontiersin.org/articles/10.3389/fneur.2019.00238/pdf,data/pdfs/W2922738555.pdf
310,W4318482935,An Approach for Classification of Alzheimer’s Disease Using Deep Neural Network and Brain Magnetic Resonance Imaging (MRI),2023,Electronics,https://www.mdpi.com/2079-9292/12/3/676/pdf?version=1674984632,data/pdfs/W4318482935.pdf
857,W3187999815,Cortical hypometabolism reflects local atrophy and tau pathology in symptomatic Alzheimer’s disease,2021,Brain,https://academic.oup.com/brain/article-pdf/145/2/713/43390518/awab294.pdf,data/pdfs/W3187999815.pdf
854,W4220902329,Association between Type 2 Diabetes Mellitus and Brain Atrophy: A Meta-Analysis,2022,Diabetes & Metabolism Journal,https://www.e-dmj.org/upload/pdf/dmj-2021-0189.pdf,data/pdfs/W4220902329.pdf
264,W2971066862,A Deep Learning approach for Diagnosis of Mild Cognitive Impairment Based on MRI Images,2019,Brain Sciences,https://www.mdpi.com/2076-3425/9/9/217/pdf?version=1567588661,data/pdfs/W2971066862.pdf
518,W2949295365,Microstates as Disease and Progression Markers in Patients With Mild Cognitive Impairment,2019,Frontiers in Neuroscience,https://www.frontiersin.org/articles/10.3389/fnins.2019.00563/pdf,data/pdfs/W2949295365.pdf
853,W2896918112,The Volume of Hippocampal Subfields in Relation to Decline of Memory Recall Across the Adult Lifespan,2018,Frontiers in Aging Neuroscience,https://www.frontiersin.org/articles/10.3389/fnagi.2018.00320/pdf,data/pdfs/W2896918112.pdf
774,W3044296905,Serum albumin and beta-amyloid deposition in the human brain,2020,Neurology,https://n.neurology.org/content/neurology/95/7/e815.full.pdf,data/pdfs/W3044296905.pdf
157,W2784286559,Comparing 18 F-AV-1451 with CSF t-tau and p-tau for diagnosis of Alzheimer disease,2018,Neurology,https://n.neurology.org/content/neurology/90/5/e388.full.pdf,data/pdfs/W2784286559.pdf
175,W4321457716,Alzheimer Disease Classification through Transfer Learning Approach,2023,Diagnostics,https://www.mdpi.com/2075-4418/13/4/801/pdf?version=1676896100,data/pdfs/W4321457716.pdf
337,W4221117806,Machine Learning and Image Processing Enabled Evolutionary Framework for Brain MRI Analysis for Alzheimer’s Disease Detection,2022,Computational Intelligence and Neuroscience,https://downloads.hindawi.com/journals/cin/2022/5261942.pdf,data/pdfs/W4221117806.pdf
630,W3118616512,Plasma neurofilament light and phosphorylated tau 181 as biomarkers of Alzheimer’s disease pathology and clinical disease progression,2021,Alzheimer s Research & Therapy,https://alzres.biomedcentral.com/counter/pdf/10.1186/s13195-021-00805-8,data/pdfs/W3118616512.pdf
863,W2923160173,The BDNFVal66Met SNP modulates the association between beta-amyloid and hippocampal disconnection in Alzheimer’s disease,2019,Molecular Psychiatry,https://www.nature.com/articles/s41380-019-0404-6.pdf,data/pdfs/W2923160173.pdf
353,W4363678967,A Novel Approach Utilizing Machine Learning for the Early Diagnosis of Alzheimer's Disease,2023,Biomedical Materials & Devices,https://link.springer.com/content/pdf/10.1007/s44174-023-00078-9.pdf,data/pdfs/W4363678967.pdf
932,W2809445583,The association between “Brain‐Age Score” ( BAS ) and traditional neuropsychological screening tools in Alzheimer's disease,2018,Brain and Behavior,https://onlinelibrary.wiley.com/doi/pdfdirect/10.1002/brb3.1020,data/pdfs/W2809445583.pdf
231,W4328095021,Review on Alzheimer Disease Detection Methods: Automatic Pipelines and Machine Learning Techniques,2023,Sci,https://www.mdpi.com/2413-4155/5/1/13/pdf?version=1679391054,data/pdfs/W4328095021.pdf
618,W4306840936,Validity and Performance of Blood Biomarkers for Alzheimer Disease to Predict Dementia Risk in a Large Clinic-Based Cohort,2022,Neurology,https://n.neurology.org/content/neurology/100/5/e473.full.pdf,data/pdfs/W4306840936.pdf
781,W3091990230,Associations between Vascular Function and Tau PET Are Associated with Global Cognition and Amyloid,2020,Journal of Neuroscience,https://www.jneurosci.org/content/jneuro/40/44/8573.full.pdf,data/pdfs/W3091990230.pdf
339,W3040436076,A Comprehensive Machine-Learning Model Applied to Magnetic Resonance Imaging (MRI) to Predict Alzheimer’s Disease (AD) in Older Subjects,2020,Journal of Clinical Medicine,https://www.mdpi.com/2077-0383/9/7/2146/pdf?version=1594192775,data/pdfs/W3040436076.pdf
583,W2904608802,Longitudinal multimodal MRI as prognostic and diagnostic biomarker in presymptomatic familial frontotemporal dementia,2018,Brain,https://academic.oup.com/brain/article-pdf/142/1/193/27295961/awy288.pdf,data/pdfs/W2904608802.pdf
376,W4365455508,Vision transformers for the prediction of mild cognitive impairment to Alzheimer’s disease progression using mid-sagittal sMRI,2023,Frontiers in Aging Neuroscience,https://www.frontiersin.org/articles/10.3389/fnagi.2023.1102869/pdf,data/pdfs/W4365455508.pdf
586,W4225113988,"Early dementia diagnosis, MCI‐to‐dementia risk prediction, and the role of machine learning methods for feature extraction from integrated biomarkers, in particular for EEG signal analysis",2022,Alzheimer s & Dementia,https://onlinelibrary.wiley.com/doi/pdfdirect/10.1002/alz.12645,data/pdfs/W4225113988.pdf
566,W3120660540,Decreased Retinal Vascular Density in Alzheimer’s Disease (AD) and Mild Cognitive Impairment (MCI): An Optical Coherence Tomography Angiography (OCTA) Study,2021,Frontiers in Aging Neuroscience,https://www.frontiersin.org/articles/10.3389/fnagi.2020.572484/pdf,data/pdfs/W3120660540.pdf
281,W4389265315,A Deep Learning-Based Ensemble Method for Early Diagnosis of Alzheimer’s Disease using MRI Images,2023,Neuroinformatics,https://link.springer.com/content/pdf/10.1007/s12021-023-09646-2.pdf,data/pdfs/W4389265315.pdf
140,W4387661017,Etiology of White Matter Hyperintensities in Autosomal Dominant and Sporadic Alzheimer Disease,2023,JAMA Neurology,https://discovery.ucl.ac.uk/10185441/2/Fox_Etiology%20of%20White%20Matter%20Hyperintensities%20in%20Autosomal%20Dominant%20and%20Sporadic%20Alzheimer%20Disease_AAM.pdf,data/pdfs/W4387661017.pdf
372,W4323315257,Pixel-Level Fusion Approach with Vision Transformer for Early Detection of Alzheimer’s Disease,2023,Electronics,https://www.mdpi.com/2079-9292/12/5/1218/pdf?version=1677850586,data/pdfs/W4323315257.pdf
309,W4294489618,Ensemble learning using traditional machine learning and deep neural network for diagnosis of Alzheimer’s disease,2022,IBRO Neuroscience Reports,http://www.ibroneuroreports.org/article/S2667242122000628/pdf,data/pdfs/W4294489618.pdf
70,W3126870425,Diagnosis of Alzheimer Disease Using 2D MRI Slices by Convolutional Neural Network,2021,Applied Bionics and Biomechanics,https://downloads.hindawi.com/journals/abb/2021/6690539.pdf,data/pdfs/W3126870425.pdf
262,W3087344810,DeTrAs: deep learning-based healthcare framework for IoT-based assistance of Alzheimer patients,2020,Neural Computing and Applications,https://link.springer.com/content/pdf/10.1007/s00521-020-05327-2.pdf,data/pdfs/W3087344810.pdf
318,W2949876223,Diagnosis and monitoring of Alzheimer's patients using classical and deep learning techniques,2019,Expert Systems with Applications,https://research.edgehill.ac.uk/ws/files/30035222/diagnosis_and_monitoring_of_Alzheimers_patients_R3_v2.1.pdf,data/pdfs/W2949876223.pdf
873,W4206382244,The Worldwide Alzheimer's Disease Neuroimaging Initiative: ADNI‐3 updates and global perspectives,2021,Alzheimer s & Dementia Translational Research & Clinical Interventions,https://onlinelibrary.wiley.com/doi/pdfdirect/10.1002/trc2.12226,data/pdfs/W4206382244.pdf
560,W2981088775,A multipredictor model to predict the conversion of mild cognitive impairment to Alzheimer’s disease by using a predictive nomogram,2019,Neuropsychopharmacology,https://www.nature.com/articles/s41386-019-0551-0.pdf,data/pdfs/W2981088775.pdf
109,W2998727031,White matter hyperintensities and CSF Alzheimer disease biomarkers in preclinical Alzheimer disease,2019,Neurology,https://n.neurology.org/content/neurology/94/9/e950.full.pdf,data/pdfs/W2998727031.pdf
206,W4281826907,Deep Learning Model for Prediction of Progressive Mild Cognitive Impairment to Alzheimer’s Disease Using Structural MRI,2022,Frontiers in Aging Neuroscience,https://www.frontiersin.org/articles/10.3389/fnagi.2022.876202/pdf,data/pdfs/W4281826907.pdf
313,W3212617687,Improved Alzheimer’s Disease Detection by MRI Using Multimodal Machine Learning Algorithms,2021,Diagnostics,https://www.mdpi.com/2075-4418/11/11/2103/pdf?version=1636802165,data/pdfs/W3212617687.pdf
837,W3096471621,Protein contributions to brain atrophy acceleration in Alzheimer’s disease and primary age-related tauopathy,2020,Brain,https://academic.oup.com/brain/article-pdf/143/11/3463/36135001/awaa299.pdf,data/pdfs/W3096471621.pdf
168,W3048824820,Statistical Disease Progression Modeling in Alzheimer Disease,2020,Frontiers in Big Data,https://www.frontiersin.org/articles/10.3389/fdata.2020.00024/pdf,data/pdfs/W3048824820.pdf
616,W2886816095,How early can we diagnose Alzheimer disease (and is it sufficient)?,2018,Neurology,https://n.neurology.org/content/neurology/91/9/395.full.pdf,data/pdfs/W2886816095.pdf
225,W4367597246,Revealing Individual Neuroanatomical Heterogeneity in Alzheimer Disease Using Neuroanatomical Normative Modeling,2023,Neurology,https://n.neurology.org/content/neurology/early/2023/04/29/WNL.0000000000207298.full.pdf,data/pdfs/W4367597246.pdf
509,W4285246255,Automated Detection of Alzheimer’s Disease and Mild Cognitive Impairment Using Whole Brain MRI,2022,IEEE Access,https://ieeexplore.ieee.org/ielx7/6287639/6514899/09787548.pdf,data/pdfs/W4285246255.pdf
751,W2980696962,Tau PET and multimodal brain imaging in patients at risk for chronic traumatic encephalopathy,2019,NeuroImage Clinical,https://www.sciencedirect.com/science/article/pii/S2213158219303754/pdf,data/pdfs/W2980696962.pdf
754,W2894000069,MRI predictors of amyloid pathology: results from the EMIF-AD Multimodal Biomarker Discovery study,2018,Alzheimer s Research & Therapy,https://alzres.biomedcentral.com/track/pdf/10.1186/s13195-018-0428-1,data/pdfs/W2894000069.pdf
940,W4304893033,"A practical Alzheimer’s disease classifier via brain imaging-based deep learning on 85,721 samples",2022,Journal Of Big Data,https://journalofbigdata.springeropen.com/counter/pdf/10.1186/s40537-022-00650-y,data/pdfs/W4304893033.pdf
570,W3199655522,Synthesis of human amyloid restricted to liver results in an Alzheimer disease–like neurodegenerative phenotype,2021,PLoS Biology,https://journals.plos.org/plosbiology/article/file?id=10.1371/journal.pbio.3001358&type=printable,data/pdfs/W3199655522.pdf
555,W3192083518,Predicting MCI to AD Conversation Using Integrated sMRI and rs-fMRI: Machine Learning and Graph Theory Approach,2021,Frontiers in Aging Neuroscience,https://www.frontiersin.org/articles/10.3389/fnagi.2021.688926/pdf,data/pdfs/W3192083518.pdf
522,W2938913676,Mild cognitive impairment and kidney disease: clinical aspects,2019,Nephrology Dialysis Transplantation,https://academic.oup.com/ndt/article-pdf/35/1/10/31837750/gfz051.pdf,data/pdfs/W2938913676.pdf
770,W2935805765,Longitudinal tau-PET uptake and atrophy in atypical Alzheimer's disease,2019,NeuroImage Clinical,https://www.sciencedirect.com/science/article/pii/S2213158219301731/pdf,data/pdfs/W2935805765.pdf
238,W4386324526,Amyloid-related Imaging Abnormalities in Alzheimer Disease Treated with Anti–Amyloid-β Therapy,2023,Radiographics,https://pmc.ncbi.nlm.nih.gov/articles/PMC10715974/pdf/nihms-1941053.pdf,data/pdfs/W4386324526.pdf
205,W4281785271,Alzheimer’s Disease Diagnosis and Biomarker Analysis Using Resting-State Functional MRI Functional Brain Network With Multi-Measures Features and Hippocampal Subfield and Amygdala Volume of Structural MRI,2022,Frontiers in Aging Neuroscience,https://www.frontiersin.org/articles/10.3389/fnagi.2022.818871/pdf,data/pdfs/W4281785271.pdf
210,W3134766823,Multiparametric Quantitative MRI in Neurological Diseases,2021,Frontiers in Neurology,https://www.frontiersin.org/articles/10.3389/fneur.2021.640239/pdf,data/pdfs/W3134766823.pdf
277,W3083429304,Identifying Early Mild Cognitive Impairment by Multi-Modality MRI-Based Deep Learning,2020,Frontiers in Aging Neuroscience,https://www.frontiersin.org/articles/10.3389/fnagi.2020.00206/pdf,data/pdfs/W3083429304.pdf
563,W3014606235,Predicting Alzheimer’s Disease Conversion From Mild Cognitive Impairment Using an Extreme Learning Machine-Based Grading Method With Multimodal Data,2020,Frontiers in Aging Neuroscience,https://www.frontiersin.org/articles/10.3389/fnagi.2020.00077/pdf,data/pdfs/W3014606235.pdf
526,W2913188728,Computerized cognitive training for Chinese mild cognitive impairment patients: A neuropsychological and fMRI study,2019,NeuroImage Clinical,https://www.sciencedirect.com/science/article/pii/S2213158219300415/pdf,data/pdfs/W2913188728.pdf
700,W4385986816,Machine learning with multimodal neuroimaging data to classify stages of Alzheimer’s disease: a systematic review and meta-analysis,2023,Cognitive Neurodynamics,https://link.springer.com/content/pdf/10.1007/s11571-023-09993-5.pdf,data/pdfs/W4385986816.pdf
536,W4385382016,Optimizing detection of Alzheimer’s disease in mild cognitive impairment: a 4-year biomarker study of mild behavioral impairment in ADNI and MEMENTO,2023,Molecular Neurodegeneration,https://molecularneurodegeneration.biomedcentral.com/counter/pdf/10.1186/s13024-023-00631-6,data/pdfs/W4385382016.pdf
890,W4282051840,Novelty-Related fMRI Responses of Precuneus and Medial Temporal Regions in Individuals at Risk for Alzheimer Disease,2022,Neurology,https://n.neurology.org/content/neurology/99/8/e775.full.pdf,data/pdfs/W4282051840.pdf
224,W3095441110,Comparison of Transfer Learning and Conventional Machine Learning Applied to Structural Brain MRI for the Early Diagnosis and Prognosis of Alzheimer's Disease,2020,Frontiers in Neurology,https://www.frontiersin.org/articles/10.3389/fneur.2020.576194/pdf,data/pdfs/W3095441110.pdf
753,W3179066206,Association of Apolipoprotein E ɛ4 Allele With Clinical and Multimodal Biomarker Changes of Alzheimer Disease in Adults With Down Syndrome,2021,JAMA Neurology,https://jamanetwork.com/journals/jamaneurology/articlepdf/2781524/jamaneurology_bejanin_2021_oi_210031_1628705003.15182.pdf,data/pdfs/W3179066206.pdf
505,W2940810421,Beta Amyloid Deposition Is Not Associated With Cognitive Impairment in Parkinson's Disease,2019,Frontiers in Neurology,https://www.frontiersin.org/articles/10.3389/fneur.2019.00391/pdf,data/pdfs/W2940810421.pdf
621,W4380872842,The Use of Tau PET to Stage Alzheimer Disease According to the Braak Staging Framework,2023,Journal of Nuclear Medicine,https://jnm.snmjournals.org/content/jnumed/early/2023/06/15/jnumed.122.265200.full.pdf,data/pdfs/W4380872842.pdf
342,W3128219323,Machine Learning for Diagnosis of AD and Prediction of MCI Progression From Brain MRI Using Brain Anatomical Analysis Using Diffeomorphic Deformation,2021,Frontiers in Neurology,https://www.frontiersin.org/articles/10.3389/fneur.2020.576029/pdf,data/pdfs/W3128219323.pdf
542,W2802777797,MRI Characterizes the Progressive Course of AD and Predicts Conversion to Alzheimer’s Dementia 24 Months Before Probable Diagnosis,2018,Frontiers in Aging Neuroscience,https://www.frontiersin.org/articles/10.3389/fnagi.2018.00135/pdf,data/pdfs/W2802777797.pdf
903,W4313458172,Hippocampus Segmentation-Based Alzheimer’s Disease Diagnosis and Classification of MRI Images,2023,Arabian Journal for Science and Engineering,https://link.springer.com/content/pdf/10.1007/s13369-022-07538-2.pdf,data/pdfs/W4313458172.pdf
544,W3123552687,Cognitive and MRI trajectories for prediction of Alzheimer’s disease,2021,Scientific Reports,https://www.nature.com/articles/s41598-020-78095-7.pdf,data/pdfs/W3123552687.pdf
772,W3176722257,"Associations of longitudinal plasma p-tau181 and NfL with tau-PET, Aβ-PET and cognition",2021,Journal of Neurology Neurosurgery & Psychiatry,https://jnnp.bmj.com/content/jnnp/92/12/1289.full.pdf,data/pdfs/W3176722257.pdf
26,W4401811647,Alzheimer Disease Anti-Amyloid Immunotherapies: Imaging Recommendations and Practice Considerations for Monitoring of Amyloid-Related Imaging Abnormalities,2024,American Journal of Neuroradiology,https://www.ajnr.org/content/ajnr/early/2024/08/23/ajnr.A8469.full.pdf,data/pdfs/W4401811647.pdf
637,W4289110448,HTLML: Hybrid AI Based Model for Detection of Alzheimer’s Disease,2022,Diagnostics,https://www.mdpi.com/2075-4418/12/8/1833/pdf?version=1659435579,data/pdfs/W4289110448.pdf
438,W4390777660,Unlocking the Potential of XAI for Improved Alzheimer’s Disease Detection and Classification Using a ViT-GRU Model,2024,IEEE Access,https://ieeexplore.ieee.org/ielx7/6287639/6514899/10385046.pdf,data/pdfs/W4390777660.pdf
578,W3029648427,LTP-like cortical plasticity predicts conversion to dementia in patients with memory impairment,2020,Brain stimulation,http://www.brainstimjrnl.com/article/S1935861X20301121/pdf,data/pdfs/W3029648427.pdf
846,W2947268790,Subtypes of Alzheimer's Disease Display Distinct Network Abnormalities Extending Beyond Their Pattern of Brain Atrophy,2019,Frontiers in Neurology,https://www.frontiersin.org/articles/10.3389/fneur.2019.00524/pdf,data/pdfs/W2947268790.pdf
510,W2944810266,Association of Brain Magnetic Resonance Imaging Signs With Cognitive Outcomes in Persons With Nonimpaired Cognition and Mild Cognitive Impairment,2019,JAMA Network Open,https://jamanetwork.com/journals/jamanetworkopen/articlepdf/2733170/wu_2019_oi_190147.pdf,data/pdfs/W2944810266.pdf
347,W2911617196,k-Skip-n-Gram-RF: A Random Forest Based Method for Alzheimer's Disease Protein Identification,2019,Frontiers in Genetics,https://www.frontiersin.org/articles/10.3389/fgene.2019.00033/pdf,data/pdfs/W2911617196.pdf
788,W2908610540,18F-FDG-PET Detects Drastic Changes in Brain Metabolism in the Tg4–42 Model of Alzheimer’s Disease,2019,Frontiers in Aging Neuroscience,https://www.frontiersin.org/articles/10.3389/fnagi.2018.00425/pdf,data/pdfs/W2908610540.pdf
499,W2886925844,Utilizing semantic intrusions to identify amyloid positivity in mild cognitive impairment,2018,Neurology,https://n.neurology.org/content/neurology/91/10/e976.full.pdf,data/pdfs/W2886925844.pdf
652,W4403343940,"Speech based detection of Alzheimer’s disease: a survey of AI techniques, datasets and challenges",2024,Artificial Intelligence Review,https://link.springer.com/content/pdf/10.1007/s10462-024-10961-6.pdf,data/pdfs/W4403343940.pdf
629,W3005937372,Predicting sporadic Alzheimer's disease progression via inherited Alzheimer's disease‐informed machine‐learning,2020,Alzheimer s & Dementia,https://onlinelibrary.wiley.com/doi/pdfdirect/10.1002/alz.12032,data/pdfs/W3005937372.pdf
63,W2891079125,An MRI measure of degenerative and cerebrovascular pathology in Alzheimer disease,2018,Neurology,https://n.neurology.org/content/neurology/91/15/e1402.full.pdf,data/pdfs/W2891079125.pdf
785,W4389506161,"The BrainLat project, a multimodal neuroimaging dataset of neurodegeneration from underrepresented backgrounds",2023,Scientific Data,https://www.nature.com/articles/s41597-023-02806-8.pdf,data/pdfs/W4389506161.pdf
184,W4313645584,Multimodal brain age estimates relate to Alzheimer disease biomarkers and cognition in early stages: a cross-sectional observational study,2023,eLife,https://elifesciences.org/articles/81869.bib,data/pdfs/W4313645584.pdf
230,W4224999602,Alzheimer's Disease Diagnosis With Brain Structural MRI Using Multiview-Slice Attention and 3D Convolution Neural Network,2022,Frontiers in Aging Neuroscience,https://www.frontiersin.org/articles/10.3389/fnagi.2022.871706/pdf,data/pdfs/W4224999602.pdf
562,W3090326096,Classification of Alzheimer's Disease MRI Images with CNN Based Hybrid Method,2020,Ingénierie des systèmes d information,https://www.iieta.org/download/file/fid/40565,data/pdfs/W3090326096.pdf
792,W3024794599,Use of Multimodal Imaging and Clinical Biomarkers in Presymptomatic Carriers of C9orf72 Repeat Expansion,2020,JAMA Neurology,https://jamanetwork.com/journals/jamaneurology/articlepdf/2765969/jamaneurology_de_vocht_2020_oi_200023_1596744488.67938.pdf,data/pdfs/W3024794599.pdf
7,W4402457300,Overview of ADNI MRI,2024,Alzheimer s & Dementia,https://onlinelibrary.wiley.com/doi/pdfdirect/10.1002/alz.14166,data/pdfs/W4402457300.pdf
370,W4319317749,OViTAD: Optimized Vision Transformer to Predict Various Stages of Alzheimer’s Disease Using Resting-State fMRI and Structural MRI Data,2023,Brain Sciences,https://www.mdpi.com/2076-3425/13/2/260/pdf?version=1675737417,data/pdfs/W4319317749.pdf
622,W3015907136,Cortical microstructural correlates of astrocytosis in autosomal-dominant Alzheimer disease,2020,Neurology,https://n.neurology.org/content/neurology/94/19/e2026.full.pdf,data/pdfs/W3015907136.pdf
593,W2804991905,"Total MRI Small Vessel Disease Burden Correlates with Cognitive Performance, Cortical Atrophy, and Network Measures in a Memory Clinic Population",2018,Journal of Alzheimer s Disease,https://discovery.ucl.ac.uk/10057881/3/Banerjee_Total%20MRI%20small%20vessel%20disease%20burden%20correlates%20with%20cognitive%20performance.pdf,data/pdfs/W2804991905.pdf
701,W4405653627,"Applications of deep learning in Alzheimer’s disease: a systematic literature review of current trends, methodologies, challenges, innovations, and future directions",2024,Artificial Intelligence Review,https://link.springer.com/content/pdf/10.1007/s10462-024-11041-5.pdf,data/pdfs/W4405653627.pdf
360,W4384828199,Alzheimer’s Disease Diagnosis Using Machine Learning: A Survey,2023,Applied Sciences,https://www.mdpi.com/2076-3417/13/14/8298/pdf?version=1689676564,data/pdfs/W4384828199.pdf
880,W2995244706,Association of brain amyloidosis with the incidence and frequency of neuropsychiatric symptoms in ADNI: a multisite observational cohort study,2019,BMJ Open,https://bmjopen.bmj.com/content/bmjopen/9/12/e031947.full.pdf,data/pdfs/W2995244706.pdf
543,W2899083546,Principal Components Analysis of Brain Metabolism Predicts Development of Alzheimer Dementia,2018,Journal of Nuclear Medicine,https://jnm.snmjournals.org/content/jnumed/60/6/837.full.pdf,data/pdfs/W2899083546.pdf
186,W4224300622,Predicting brain age from functional connectivity in symptomatic and preclinical Alzheimer disease,2022,NeuroImage,https://www.sciencedirect.com/science/article/pii/S1053811922003524/pdf,data/pdfs/W4224300622.pdf
273,W3168213370,Automated detection of Alzheimer’s Disease using Deep Learning in MRI,2021,Journal of Physics Conference Series,https://iopscience.iop.org/article/10.1088/1742-6596/1921/1/012024/pdf,data/pdfs/W3168213370.pdf
603,W3159837519,Random forest model for feature-based Alzheimer’s disease conversion prediction from early mild cognitive impairment subjects,2021,PLoS ONE,https://journals.plos.org/plosone/article/file?id=10.1371/journal.pone.0244773&type=printable,data/pdfs/W3159837519.pdf
364,W3123500501,Brain Asymmetry Detection and Machine Learning Classification for Diagnosis of Early Dementia,2021,Sensors,https://www.mdpi.com/1424-8220/21/3/778/pdf,data/pdfs/W3123500501.pdf
802,W2990971304,Contribution of TDP and hippocampal sclerosis to hippocampal volume loss in older-old persons,2019,Neurology,https://n.neurology.org/content/neurology/94/2/e142.full.pdf,data/pdfs/W2990971304.pdf
789,W3007485657,PET imaging of mGluR5 in Alzheimer’s disease,2020,Alzheimer s Research & Therapy,https://link.springer.com/content/pdf/10.1186/s13195-020-0582-0.pdf,data/pdfs/W3007485657.pdf
572,W2901348195,Discrimination and conversion prediction of mild cognitive impairment using convolutional neural networks,2018,Quantitative Imaging in Medicine and Surgery,https://qims.amegroups.com/article/viewFile/22381/21661,data/pdfs/W2901348195.pdf
584,W4311443209,Soluble TREM2 levels associate with conversion from mild cognitive impairment to Alzheimer’s disease,2022,Journal of Clinical Investigation,http://www.jci.org/articles/view/158708/files/pdf,data/pdfs/W4311443209.pdf
676,W4288053873,A robust framework to investigate the reliability and stability of explainable artificial intelligence markers of Mild Cognitive Impairment and Alzheimer’s Disease,2022,Brain Informatics,https://braininformatics.springeropen.com/counter/pdf/10.1186/s40708-022-00165-5,data/pdfs/W4288053873.pdf
282,W4220867605,A deep learning MRI approach outperforms other biomarkers of prodromal Alzheimer’s disease,2022,Alzheimer s Research & Therapy,https://alzres.biomedcentral.com/track/pdf/10.1186/s13195-022-00985-x,data/pdfs/W4220867605.pdf
564,W4210783483,Assessing Reactive Astrogliosis with 18 F-SMBT-1 Across the Alzheimer Disease Spectrum,2022,Journal of Nuclear Medicine,https://jnm.snmjournals.org/content/jnumed/early/2022/02/03/jnumed.121.263255.full.pdf,data/pdfs/W4210783483.pdf
635,W3046235658,AI-driven attenuation correction for brain PET/MRI: Clinical evaluation of a dementia cohort and importance of the training group size,2020,NeuroImage,https://www.sciencedirect.com/science/article/pii/S1053811920307072/pdf,data/pdfs/W3046235658.pdf
851,W3023832122,The cholinergic system in subtypes of Alzheimer’s disease: an in vivo longitudinal MRI study,2020,Alzheimer s Research & Therapy,https://alzres.biomedcentral.com/track/pdf/10.1186/s13195-020-00620-7,data/pdfs/W3023832122.pdf
235,W4319302837,Brain aerobic glycolysis and resilience in Alzheimer disease,2023,Proceedings of the National Academy of Sciences,https://pmc.ncbi.nlm.nih.gov/articles/PMC9963219/pdf/pnas.202212256.pdf,data/pdfs/W4319302837.pdf
275,W4283078630,Constructing Domain Ontology for Alzheimer Disease Using Deep Learning Based Approach,2022,Electronics,https://www.mdpi.com/2079-9292/11/12/1890/pdf?version=1655361071,data/pdfs/W4283078630.pdf
377,W3199225381,Explainable Identification of Dementia From Transcripts Using Transformer Networks,2022,IEEE Journal of Biomedical and Health Informatics,https://ieeexplore.ieee.org/ielx7/6221020/9855434/09769980.pdf,data/pdfs/W3199225381.pdf
527,W3183818366,Functional MRI-Specific Alterations in Salience Network in Mild Cognitive Impairment: An ALE Meta-Analysis,2021,Frontiers in Aging Neuroscience,https://www.frontiersin.org/articles/10.3389/fnagi.2021.695210/pdf,data/pdfs/W3183818366.pdf
778,W3126044911,Topographic patterns of white matter hyperintensities are associated with multimodal neuroimaging biomarkers of Alzheimer’s disease,2021,Alzheimer s Research & Therapy,https://alzres.biomedcentral.com/track/pdf/10.1186/s13195-020-00759-3,data/pdfs/W3126044911.pdf
539,W2995673771,Magnetic resonance imaging texture predicts progression to dementia due to Alzheimer disease earlier than hippocampal volume,2019,Journal of Psychiatry and Neuroscience,https://www.jpn.ca/content/jpn/45/1/7.full.pdf,data/pdfs/W2995673771.pdf
641,W2951892202,Postmortem T 2 * - Weighted MRI Imaging of Cortical Iron Reflects Severity of Alzheimer’s Disease,2018,Journal of Alzheimer s Disease,https://content.iospress.com:443/download/journal-of-alzheimers-disease/jad180317?id=journal-of-alzheimers-disease%2Fjad180317,data/pdfs/W2951892202.pdf
381,W4323663706,Vision Transformer Approach for Classification of Alzheimer’s Disease Using 18F-Florbetaben Brain Images,2023,Applied Sciences,https://www.mdpi.com/2076-3417/13/6/3453/pdf?version=1678334495,data/pdfs/W4323663706.pdf
882,W3120639558,An MRI-based strategy for differentiation of frontotemporal dementia and Alzheimer’s disease,2021,Alzheimer s Research & Therapy,https://alzres.biomedcentral.com/track/pdf/10.1186/s13195-020-00757-5,data/pdfs/W3120639558.pdf
319,W3096163405,Development and Validation of a Deep Learning–Based Automatic Brain Segmentation and Classification Algorithm for Alzheimer Disease Using 3D T1-Weighted Volumetric Images,2020,American Journal of Neuroradiology,http://www.ajnr.org/content/ajnr/41/12/2227.full.pdf,data/pdfs/W3096163405.pdf
576,W2972297449,MCI‐to‐normal reversion using neuropsychological criteria in the Alzheimer's Disease Neuroimaging Initiative,2019,Alzheimer s & Dementia,https://escholarship.org/content/qt9d68t9r6/qt9d68t9r6.pdf,data/pdfs/W2972297449.pdf
525,W2899389615,Alzheimer's disease: 3‐Dimensional MRI texture for prediction of conversion from mild cognitive impairment,2018,Alzheimer s & Dementia Diagnosis Assessment & Disease Monitoring,https://onlinelibrary.wiley.com/doi/pdfdirect/10.1016/j.dadm.2018.09.002,data/pdfs/W2899389615.pdf
704,W4410040849,Advancements in deep learning for early diagnosis of Alzheimer’s disease using multimodal neuroimaging: challenges and future directions,2025,Frontiers in Neuroinformatics,https://www.frontiersin.org/journals/neuroinformatics/articles/10.3389/fninf.2025.1557177/pdf,data/pdfs/W4410040849.pdf
363,W4313985049,A transfer learning approach for multiclass classification of Alzheimer's disease using MRI images,2023,Frontiers in Neuroscience,https://www.frontiersin.org/articles/10.3389/fnins.2022.1050777/pdf,data/pdfs/W4313985049.pdf
790,W2971759903,Encephalopathy induced by Alzheimer brain inoculation in a non-human primate,2019,Acta Neuropathologica Communications,https://actaneurocomms.biomedcentral.com/track/pdf/10.1186/s40478-019-0771-x,data/pdfs/W2971759903.pdf
601,W2803155711,Entorhinal Cortex Volume Is Associated With Dual-Task Gait Cost Among Older Adults With MCI: Results From the Gait and Brain Study,2018,The Journals of Gerontology Series A,https://academic.oup.com/biomedgerontology/article-pdf/74/5/698/28473117/gly084.pdf,data/pdfs/W2803155711.pdf
795,W2782815868,3D CNN-based classification using sMRI and MD-DTI images for Alzheimer disease studies,2018,arXiv (Cornell University),https://arxiv.org/pdf/1801.05968,data/pdfs/W2782815868.pdf
587,W2981493641,MCADNNet: Recognizing Stages of Cognitive Impairment Through Efficient Convolutional fMRI and MRI Neural Network Topology Models,2019,IEEE Access,https://ieeexplore.ieee.org/ielx7/6287639/8600701/08883215.pdf,data/pdfs/W2981493641.pdf
149,W2896420254,"Clinical phenotype, atrophy, and small vessel disease in APOE ε2 carriers with Alzheimer disease",2018,Neurology,https://pure.amsterdamumc.nl/files/174633757/Clinical-phenotype-atrophy-and-small-vessel-disease-in-apoe2-carriers-with-alzheimer-disease.pdf,data/pdfs/W2896420254.pdf
568,W2802347155,"Amyloid deposition and brain structure as long-term predictors of MCI, dementia, and mortality",2018,Neurology,https://n.neurology.org/content/neurology/90/21/e1920.full.pdf,data/pdfs/W2802347155.pdf
579,W2790040701,Classification of Alzheimer’s and MCI Patients from Semantically Parcelled PET Images: A Comparison between AV45 and FDG-PET,2018,International Journal of Biomedical Imaging,http://downloads.hindawi.com/journals/ijbi/2018/1247430.pdf,data/pdfs/W2790040701.pdf
378,W4391023547,Multimodal diagnosis model of Alzheimer’s disease based on improved Transformer,2024,BioMedical Engineering OnLine,https://biomedical-engineering-online.biomedcentral.com/counter/pdf/10.1186/s12938-024-01204-4,data/pdfs/W4391023547.pdf
193,W4319158019,Convolution Neural Networks and Self-Attention Learners for Alzheimer Dementia Diagnosis from Brain MRI,2023,Sensors,https://www.mdpi.com/1424-8220/23/3/1694/pdf?version=1675411363,data/pdfs/W4319158019.pdf
151,W4289344793,Microglial Activation and Connectivity in Alzheimer Disease and Aging,2022,Annals of Neurology,https://onlinelibrary.wiley.com/doi/pdfdirect/10.1002/ana.26465,data/pdfs/W4289344793.pdf
299,W4206782338,"Advances in Deep Neuropathological Phenotyping of Alzheimer Disease: Past, Present, and Future",2022,Journal of Neuropathology & Experimental Neurology,https://academic.oup.com/jnen/article-pdf/81/1/2/42414948/nlab122.pdf,data/pdfs/W4206782338.pdf
905,W3011963296,Automated MRI volumetry as a diagnostic tool for Alzheimer's disease: Validation of icobrain dm,2020,NeuroImage Clinical,https://www.sciencedirect.com/science/article/pii/S2213158220300802/pdf,data/pdfs/W3011963296.pdf
657,W4411324838,Alzheimer’s disease digital biomarkers multidimensional landscape and AI model scoping review,2025,npj Digital Medicine,https://www.nature.com/articles/s41746-025-01640-z.pdf,data/pdfs/W4411324838.pdf
163,W3011210785,Select Atrophied Regions in Alzheimer disease (SARA): An improved volumetric model for identifying Alzheimer disease dementia,2020,NeuroImage Clinical,https://www.sciencedirect.com/science/article/am/pii/S2213158220300851?via%3Dihub,data/pdfs/W3011210785.pdf
765,W2965413344,"Topographical Heterogeneity of Alzheimer’s Disease Based on MR Imaging, Tau PET, and Amyloid PET",2019,Frontiers in Aging Neuroscience,https://www.frontiersin.org/articles/10.3389/fnagi.2019.00211/pdf,data/pdfs/W2965413344.pdf
591,W2802185677,Combining Polygenic Hazard Score With Volumetric MRI and Cognitive Measures Improves Prediction of Progression From Mild Cognitive Impairment to Alzheimer's Disease,2018,Frontiers in Neuroscience,https://www.frontiersin.org/articles/10.3389/fnins.2018.00260/pdf,data/pdfs/W2802185677.pdf
380,W4399534816,LCADNet: a novel light CNN architecture for EEG-based Alzheimer disease detection,2024,Physical and Engineering Sciences in Medicine,https://uhra.herts.ac.uk/id/eprint/11237/1/paper_LCADNet_20240401_final_submission_AI.pdf,data/pdfs/W4399534816.pdf
20,W4394933653,Joint transformer architecture in brain 3D MRI classification: its application in Alzheimer’s disease classification,2024,Scientific Reports,https://www.nature.com/articles/s41598-024-59578-3.pdf,data/pdfs/W4394933653.pdf
204,W4200543243,Structural MRI profiles and tau correlates of atrophy in autopsy-confirmed CTE,2021,Alzheimer s Research & Therapy,https://alzres.biomedcentral.com/track/pdf/10.1186/s13195-021-00928-y,data/pdfs/W4200543243.pdf
575,W3167121790,Dementia with Lewy bodies: association of Alzheimer pathology with functional connectivity networks,2021,Brain,https://academic.oup.com/brain/article-pdf/144/10/3212/41381676/awab218.pdf,data/pdfs/W3167121790.pdf
590,W4319216497,Comparison of Machine Learning-based Approaches to Predict the Conversion to Alzheimer’s Disease from Mild Cognitive Impairment,2023,Neuroscience,http://www.ibroneuroscience.org/article/S0306452223000477/pdf,data/pdfs/W4319216497.pdf
654,W3092728896,Stacked autoencoders as new models for an accurate Alzheimer’s disease classification support using resting-state EEG and MRI measurements,2020,Clinical Neurophysiology,http://hdl.handle.net/11573/1540782,data/pdfs/W3092728896.pdf
95,W3012533456,A Survey on Computer-Aided Diagnosis of Brain Disorders through MRI Based on Machine Learning and Data Mining Methodologies with an Emphasis on Alzheimer Disease Diagnosis and the Contribution of the Multimodal Fusion,2020,Applied Sciences,https://www.mdpi.com/2076-3417/10/5/1894/pdf?version=1584068295,data/pdfs/W3012533456.pdf
545,W2981297020,Predictive Value of 18F-Florbetapir and 18F-FDG PET for Conversion from Mild Cognitive Impairment to Alzheimer Dementia,2019,Journal of Nuclear Medicine,http://jnm.snmjournals.org/content/61/4/597.full.pdf,data/pdfs/W2981297020.pdf
298,W4380077983,A Robust Distributed Deep Learning Approach to Detect Alzheimer’s Disease from MRI Images,2023,Mathematics,https://www.mdpi.com/2227-7390/11/12/2633/pdf?version=1686290322,data/pdfs/W4380077983.pdf
895,W2962570047,Identifying progressive imaging genetic patterns via multi-task sparse canonical correlation analysis: a longitudinal study of the ADNI cohort,2019,Bioinformatics,https://academic.oup.com/bioinformatics/article-pdf/35/14/i474/28913180/btz320.pdf,data/pdfs/W2962570047.pdf
826,W3011237672,Multiparametric imaging hippocampal neurodegeneration and functional connectivity with simultaneous PET/MRI in Alzheimer’s disease,2020,European Journal of Nuclear Medicine and Molecular Imaging,https://link.springer.com/content/pdf/10.1007/s00259-020-04752-8.pdf,data/pdfs/W3011237672.pdf
351,W2982009528,Machine Learning-Based Framework for Differential Diagnosis Between Vascular Dementia and Alzheimer's Disease Using Structural MRI Features,2019,Frontiers in Neurology,https://www.frontiersin.org/articles/10.3389/fneur.2019.01097/pdf,data/pdfs/W2982009528.pdf
523,W4302304585,Mild Cognitive Impairment: An Overview,2022,IntechOpen eBooks,https://www.intechopen.com/citation-pdf-url/83071,data/pdfs/W4302304585.pdf
146,W3163664489,Alzheimer Disease Detection Techniques and Methods: A Review.,2021,International Journal of Interactive Multimedia and Artificial Intelligence,https://doi.org/10.9781/ijimai.2021.04.005,data/pdfs/W3163664489.pdf
817,W3083888794,Genetic risk for Alzheimer disease predicts hippocampal volume through the human lifespan,2020,Neurology Genetics,https://ng.neurology.org/content/nng/6/5/e506.full.pdf,data/pdfs/W3083888794.pdf
410,W3082458899,Classification of Alzheimer’s Disease and Mild Cognitive Impairment Based on Cortical and Subcortical Features from MRI T1 Brain Images Utilizing Four Different Types of Datasets,2020,Journal of Healthcare Engineering,https://downloads.hindawi.com/journals/jhe/2020/3743171.pdf,data/pdfs/W3082458899.pdf
797,W2799428269,Identification of Alzheimer's disease and mild cognitive impairment using multimodal sparse hierarchical extreme learning machine,2018,Human Brain Mapping,https://www.onlinelibrary.wiley.com/doi/pdfdirect/10.1002/hbm.24207,data/pdfs/W2799428269.pdf
581,W4367668925,Automated Medical Diagnosis of Alzheimer´s Disease Using an Efficient Net Convolutional Neural Network,2023,Journal of Medical Systems,https://link.springer.com/content/pdf/10.1007/s10916-023-01941-4.pdf,data/pdfs/W4367668925.pdf
801,W4383198044,Associations of Dental Health With the Progression of Hippocampal Atrophy in Community-Dwelling Individuals,2023,Neurology,https://n.neurology.org/content/neurology/early/2023/07/05/WNL.0000000000207579.full.pdf,data/pdfs/W4383198044.pdf
800,W3040115275,Neuropathologic features associated with basal forebrain atrophy in Alzheimer disease,2020,Neurology,https://n.neurology.org/content/neurology/95/10/e1301.full.pdf,data/pdfs/W3040115275.pdf
51,W4410484263,Evaluation of the Revised Criteria for Biological and Clinical Staging of Alzheimer Disease,2025,JAMA Neurology,https://jamanetwork.com/journals/jamaneurology/articlepdf/2833818/jamaneurology_pichet_binette_2025_oi_250023_1746218101.87688.pdf,data/pdfs/W4410484263.pdf
35,W4392347393,Explainable AI-based Deep-SHAP for mapping the multivariate relationships between regional neuroimaging biomarkers and cognition,2024,European Journal of Radiology,https://pmc.ncbi.nlm.nih.gov/articles/PMC11157778/pdf/nihms-1972938.pdf,data/pdfs/W4392347393.pdf
648,W4312219942,A new strategy for the early detection of alzheimer disease stages using multifractal geometry analysis based on K-Nearest Neighbor algorithm,2022,Scientific Reports,https://www.nature.com/articles/s41598-022-26958-6.pdf,data/pdfs/W4312219942.pdf
551,W3024598964,Prediction of conversion to Alzheimer’s disease using deep survival analysis of MRI images,2020,Brain Communications,https://academic.oup.com/braincomms/article-pdf/2/1/fcaa057/33639834/fcaa057.pdf,data/pdfs/W3024598964.pdf
379,W4404771888,A multimodal vision transformer for interpretable fusion of functional and structural neuroimaging data,2024,Human Brain Mapping,https://onlinelibrary.wiley.com/doi/pdfdirect/10.1002/hbm.26783,data/pdfs/W4404771888.pdf
592,W3092271742,Prediction of 7‐year's conversion from subjective cognitive decline to mild cognitive impairment,2020,Human Brain Mapping,https://onlinelibrary.wiley.com/doi/pdfdirect/10.1002/hbm.25216,data/pdfs/W3092271742.pdf
949,W2989951694,Prediction of Alzheimer’s disease (AD) Using Machine Learning Techniques with Boruta Algorithm as Feature Selection Method,2019,Journal of Physics Conference Series,https://iopscience.iop.org/article/10.1088/1742-6596/1372/1/012065/pdf,data/pdfs/W2989951694.pdf
595,W3112328469,Ensemble of ROI-based convolutional neural network classifiers for staging the Alzheimer disease spectrum from magnetic resonance imaging,2020,PLoS ONE,https://journals.plos.org/plosone/article/file?id=10.1371/journal.pone.0242712&type=printable,data/pdfs/W3112328469.pdf
597,W3113359263,Utility of MRI in the identification of hippocampal sclerosis of aging,2020,Alzheimer s & Dementia,https://onlinelibrary.wiley.com/doi/pdfdirect/10.1002/alz.12241,data/pdfs/W3113359263.pdf
355,W3045594725,"Inexpensive, non-invasive biomarkers predict Alzheimer transition using machine learning analysis of the Alzheimer’s Disease Neuroimaging (ADNI) database",2020,PLoS ONE,https://journals.plos.org/plosone/article/file?id=10.1371/journal.pone.0235663&type=printable,data/pdfs/W3045594725.pdf
814,W2950964162,White Matter Hyperintensities and Hippocampal Atrophy in Relation to Cognition: The 90+ Study,2019,Journal of the American Geriatrics Society,https://pure.amsterdamumc.nl/ws/files/157716314/White-matter-hyperintensities-and-hippocampal-atrophy-in-relation-to-cognition.pdf,data/pdfs/W2950964162.pdf
896,W4281701027,A3C-TL-GTO: Alzheimer Automatic Accurate Classification Using Transfer Learning and Artificial Gorilla Troops Optimizer,2022,Sensors,https://www.mdpi.com/1424-8220/22/11/4250/pdf?version=1654163621,data/pdfs/W4281701027.pdf
598,W3128453781,"Sleep-Dependent Memory in Older People With and Without MCI: The Relevance of Sleep Microarchitecture, OSA, Hippocampal Subfields, and Episodic Memory",2021,Cerebral Cortex,https://academic.oup.com/cercor/article-pdf/31/6/2993/37901754/bhaa406.pdf,data/pdfs/W3128453781.pdf
582,W3092649739,Functional MRI-Specific Alterations in Executive Control Network in Mild Cognitive Impairment: An ALE Meta-Analysis,2020,Frontiers in Aging Neuroscience,https://www.frontiersin.org/articles/10.3389/fnagi.2020.578863/pdf,data/pdfs/W3092649739.pdf
399,W4382656787,Brain age prediction using the graph neural network based on resting-state functional MRI in Alzheimer's disease,2023,Frontiers in Neuroscience,https://www.frontiersin.org/articles/10.3389/fnins.2023.1222751/pdf,data/pdfs/W4382656787.pdf
605,W4387490656,Brain Structure-Function Fusing Representation Learning Using Adversarial Decomposed-VAE for Analyzing MCI,2023,IEEE Transactions on Neural Systems and Rehabilitation Engineering,https://ieeexplore.ieee.org/ielx7/7333/4359219/10275112.pdf,data/pdfs/W4387490656.pdf
764,W3092162390,What’s That (Blue) Spot on my MRI? Multimodal Neuroimaging of the Locus Coeruleus in Neurodegenerative Disease,2020,Frontiers in Neuroscience,https://www.frontiersin.org/articles/10.3389/fnins.2020.583421/pdf,data/pdfs/W3092162390.pdf
827,W3023781428,Hippocampal α-synuclein pathology correlates with memory impairment in multiple system atrophy,2020,Brain,https://academic.oup.com/brain/article-pdf/143/6/1798/33444342/awaa126.pdf,data/pdfs/W3023781428.pdf
577,W2983101415,Parkinson’s Disease–Mild Cognitive Impairment (PD-MCI): A Useful Summary of Update Knowledge,2019,Frontiers in Aging Neuroscience,https://www.frontiersin.org/articles/10.3389/fnagi.2019.00303/pdf,data/pdfs/W2983101415.pdf
856,W2898710646,CSF total tau levels are associated with hippocampal novelty irrespective of hippocampal volume,2018,Alzheimer s & Dementia Diagnosis Assessment & Disease Monitoring,https://onlinelibrary.wiley.com/doi/pdfdirect/10.1016/j.dadm.2018.10.003,data/pdfs/W2898710646.pdf
18,W4411041739,Alzheimer’s disease detection using deep learning and machine learning: a review,2025,Artificial Intelligence Review,https://link.springer.com/content/pdf/10.1007/s10462-025-11258-y.pdf,data/pdfs/W4411041739.pdf
868,W4385406579,"Prevalence and Clinical Implications of a β-Amyloid–Negative, Tau-Positive Cerebrospinal Fluid Biomarker Profile in Alzheimer Disease",2023,JAMA Neurology,https://jamanetwork.com/journals/jamaneurology/articlepdf/2807607/jamaneurology_erickson_2023_oi_230049_1689611082.26721.pdf,data/pdfs/W4385406579.pdf
393,W4377103877,Alzheimer’s Disease Detection from Fused PET and MRI Modalities Using an Ensemble Classifier,2023,Machine Learning and Knowledge Extraction,https://www.mdpi.com/2504-4990/5/2/31/pdf?version=1684401707,data/pdfs/W4377103877.pdf
217,W4224074936,Quantification of amyloid beta and tau PET without a structural MRI,2022,Alzheimer s & Dementia,https://onlinelibrary.wiley.com/doi/pdfdirect/10.1002/alz.12668,data/pdfs/W4224074936.pdf
361,W4220916743,Searching for optimal machine learning model to classify mild cognitive impairment (MCI) subtypes using multimodal MRI data,2022,Scientific Reports,https://www.nature.com/articles/s41598-022-08231-y.pdf,data/pdfs/W4220916743.pdf
643,W3216797245,4D flow MRI hemodynamic biomarkers for cerebrovascular diseases,2021,Journal of Internal Medicine,https://onlinelibrary.wiley.com/doi/pdfdirect/10.1111/joim.13392,data/pdfs/W3216797245.pdf
787,W3093513273,"Topographic Distribution of Amyloid-β, Tau, and Atrophy in Patients With Behavioral/Dysexecutive Alzheimer Disease",2020,Neurology,https://n.neurology.org/content/neurology/96/1/e81.full.pdf,data/pdfs/W3093513273.pdf
919,W2901452953,Poor Sleep Quality Associates With Decreased Functional and Structural Brain Connectivity in Normative Aging: A MRI Multimodal Approach,2018,Frontiers in Aging Neuroscience,https://www.frontiersin.org/articles/10.3389/fnagi.2018.00375/pdf,data/pdfs/W2901452953.pdf
660,W4413109010,AI-driven fusion of multimodal data for Alzheimer’s disease biomarker assessment,2025,Nature Communications,https://www.nature.com/articles/s41467-025-62590-4.pdf,data/pdfs/W4413109010.pdf
47,W4411149570,White Matter Abnormalities and Cognition in Aging and Alzheimer Disease,2025,JAMA Neurology,https://jamanetwork.com/journals/jamaneurology/articlepdf/2834951/jamaneurology_peter_2025_oi_250033_1748455660.10378.pdf,data/pdfs/W4411149570.pdf
400,W4376630714,Automatic Analysis of MRI Images for Early Prediction of Alzheimer’s Disease Stages Based on Hybrid Features of CNN and Handcrafted Features,2023,Diagnostics,https://www.mdpi.com/2075-4418/13/9/1654/pdf?version=1683539774,data/pdfs/W4376630714.pdf
602,W4306407322,Predicting time-to-conversion for dementia of Alzheimer's type using multi-modal deep survival analysis,2022,Neurobiology of Aging,https://pmc.ncbi.nlm.nih.gov/articles/PMC10535369/pdf/nihms-1923772.pdf,data/pdfs/W4306407322.pdf
900,W4289783434,Accelerated longitudinal changes and ordering of Alzheimer disease biomarkers across the adult lifespan,2022,Brain,https://academic.oup.com/brain/article-pdf/145/12/4459/50491280/awac238.pdf,data/pdfs/W4289783434.pdf
858,W3215958759,"Amyloid-β, p-tau and reactive microglia are pathological correlates of MRI cortical atrophy in Alzheimer’s disease",2021,Brain Communications,https://academic.oup.com/braincomms/article-pdf/3/4/fcab281/41780538/fcab281.pdf,data/pdfs/W3215958759.pdf
716,W2947498044,Exploiting Discriminative Regions of Brain Slices Based on 2D CNNs for Alzheimer’s Disease Classification,2019,IEEE Access,https://ieeexplore.ieee.org/ielx7/6287639/8600701/08727482.pdf,data/pdfs/W2947498044.pdf
681,W4313830798,Explainable machine learning aggregates polygenic risk scores and electronic health records for Alzheimer’s disease prediction,2023,Scientific Reports,https://www.nature.com/articles/s41598-023-27551-1.pdf,data/pdfs/W4313830798.pdf
737,W4380369812,A Survey of Deep Learning for Alzheimer’s Disease,2023,Machine Learning and Knowledge Extraction,https://www.mdpi.com/2504-4990/5/2/35/pdf?version=1686909168,data/pdfs/W4380369812.pdf
761,W2961409673,MRI-Driven PET Image Optimization for Neurological Applications,2019,Frontiers in Neuroscience,https://www.frontiersin.org/articles/10.3389/fnins.2019.00782/pdf,data/pdfs/W2961409673.pdf
333,W2904747698,Prediction of Autopsy Verified Neuropathological Change of Alzheimer’s Disease Using Machine Learning and MRI,2018,Frontiers in Aging Neuroscience,https://www.frontiersin.org/articles/10.3389/fnagi.2018.00406/pdf,data/pdfs/W2904747698.pdf
823,W2897698166,Differential Progression of Regional Hippocampal Atrophy in Aging and Parkinson’s Disease,2018,Frontiers in Aging Neuroscience,https://www.frontiersin.org/articles/10.3389/fnagi.2018.00325/pdf,data/pdfs/W2897698166.pdf
828,W3004110416,Differential annualized rates of hippocampal subfields atrophy in aging and future Alzheimer's clinical syndrome,2020,Neurobiology of Aging,https://hal.science/hal-02481530/document,data/pdfs/W3004110416.pdf
79,W2992517698,Deep MRI Segmentation: A Convolutional Method Applied to Alzheimer Disease Detection,2019,International Journal of Advanced Computer Science and Applications,http://thesai.org/Downloads/Volume10No11/Paper_51-Deep_MRI_Segmentation.pdf,data/pdfs/W2992517698.pdf
839,W4389613634,Atrophy of hippocampal subfields relates to memory decline during the pathological progression of Alzheimer’s disease,2023,Frontiers in Aging Neuroscience,https://www.frontiersin.org/articles/10.3389/fnagi.2023.1287122/pdf?isPublishedV2=False,data/pdfs/W4389613634.pdf
553,W4293795080,Spatial Navigation and Its Association With Biomarkers and Future Dementia in Memory Clinic Patients Without Dementia,2022,Neurology,https://n.neurology.org/content/neurology/99/19/e2081.full.pdf,data/pdfs/W4293795080.pdf
909,W4281552301,Deep transfer learning–based fully automated detection and classification of Alzheimer’s disease on brain MRI,2022,British Journal of Radiology,https://academic.oup.com/bjr/article-pdf/95/1136/20211253/54346842/bjr.20211253.pdf,data/pdfs/W4281552301.pdf
76,W2811115693,Detection of Alzheimers Disease from MRI using Convolutional Neural Network with Tensorflow,2018,arXiv (Cornell University),https://arxiv.org/pdf/1806.10170,data/pdfs/W2811115693.pdf
229,W4308076770,Fast and Accurate Amyloid Brain PET Quantification Without MRI Using Deep Neural Networks,2022,Journal of Nuclear Medicine,https://jnm.snmjournals.org/content/jnumed/64/4/659.full.pdf,data/pdfs/W4308076770.pdf
917,W4384161853,A Review on Alzheimer’s Disease Through Analysis of MRI Images Using Deep Learning Techniques,2023,IEEE Access,https://ieeexplore.ieee.org/ielx7/6287639/10005208/10182253.pdf,data/pdfs/W4384161853.pdf
918,W4312213462,Deep Learning for Brain MRI Confirms Patterned Pathological Progression in Alzheimer's Disease,2022,Advanced Science,https://onlinelibrary.wiley.com/doi/pdfdirect/10.1002/advs.202204717,data/pdfs/W4312213462.pdf
200,W2786425460,Tau-negative amnestic dementia masquerading as Alzheimer disease dementia,2018,Neurology,https://n.neurology.org/content/neurology/90/11/e940.full.pdf,data/pdfs/W2786425460.pdf
385,W4401322684,A Modified Bio-Inspired Optimizer with Capsule Network for Diagnosis of Alzheimer Disease,2024,Applied Sciences,https://www.mdpi.com/2076-3417/14/15/6798/pdf?version=1722759231,data/pdfs/W4401322684.pdf
392,W4400261938,Computer-aided diagnosis of Alzheimer’s disease and neurocognitive disorders with multimodal Bi-Vision Transformer (BiViT),2024,Pattern Analysis and Applications,https://link.springer.com/content/pdf/10.1007/s10044-024-01297-6.pdf,data/pdfs/W4400261938.pdf
644,W4391140622,"Subclinical epileptiform activity in the Alzheimer continuum: association with disease, cognition and detection method",2024,Alzheimer s Research & Therapy,https://alzres.biomedcentral.com/counter/pdf/10.1186/s13195-023-01373-9,data/pdfs/W4391140622.pdf
395,W4386470319,Clinically-Inspired Multi-Agent Transformers for Disease Trajectory Forecasting From Multimodal Data,2023,IEEE Transactions on Medical Imaging,https://ieeexplore.ieee.org/ielx7/42/4359023/10242080.pdf,data/pdfs/W4386470319.pdf
321,W4382631603,Classification and deep-learning–based prediction of Alzheimer disease subtypes by using genomic data,2023,Translational Psychiatry,https://www.nature.com/articles/s41398-023-02531-1.pdf,data/pdfs/W4382631603.pdf
661,W4283729581,"Study protocol for the Alzheimer and music therapy study: An RCT to compare the efficacy of music therapy and physical activity on brain plasticity, depressive symptoms, and cognitive decline, in a population with and at risk for Alzheimer’s disease",2022,PLoS ONE,https://journals.plos.org/plosone/article/file?id=10.1371/journal.pone.0270682&type=printable,data/pdfs/W4283729581.pdf
312,W4225673995,Hippocampal‐amygdalo‐ventricular atrophy score: Alzheimer disease detection using normative and pathological lifespan models,2022,Human Brain Mapping,https://onlinelibrary.wiley.com/doi/pdfdirect/10.1002/hbm.25850,data/pdfs/W4225673995.pdf
561,W4220745514,Blood Neuroexosomal Mitochondrial Proteins Predict Alzheimer Disease in Diabetes,2022,Diabetes,https://diabetesjournals.org/diabetes/article-pdf/71/6/1313/678809/db210969.pdf,data/pdfs/W4220745514.pdf
849,W2999737624,Effect Modifiers of TDP-43-Associated Hippocampal Atrophy Rates in Patients with Alzheimer’s Disease Neuropathological Changes,2020,Journal of Alzheimer s Disease,https://content.iospress.com:443/download/journal-of-alzheimers-disease/jad191040?id=journal-of-alzheimers-disease%2Fjad191040,data/pdfs/W2999737624.pdf
848,W2889221727,Targeted Sequencing of Alzheimer Disease Genes in African Americans Implicates Novel Risk Variants,2018,Frontiers in Neuroscience,https://www.frontiersin.org/articles/10.3389/fnins.2018.00592/pdf,data/pdfs/W2889221727.pdf
771,W2801345007,Dual tracer tau PET imaging reveals different molecular targets for 11C-THK5351 and 11C-PBB3 in the Alzheimer brain,2018,European Journal of Nuclear Medicine and Molecular Imaging,https://link.springer.com/content/pdf/10.1007/s00259-018-4012-5.pdf,data/pdfs/W2801345007.pdf
709,W4406255889,A comprehensive review on early detection of Alzheimer's disease using various deep learning techniques,2025,Frontiers in Computer Science,https://www.frontiersin.org/journals/computer-science/articles/10.3389/fcomp.2024.1404494/pdf,data/pdfs/W4406255889.pdf
929,W4388912293,A Comprehensive Study on Early Alzheimer’s Disease Detection through Advanced Machine Learning Techniques on MRI Data,2023,Academic Journal of Science and Technology,https://drpress.org/ojs/index.php/ajst/article/download/14334/13901,data/pdfs/W4388912293.pdf
722,W3133653501,ICAM-Reg: Interpretable Classification and Regression With Feature Attribution for Mapping Neurological Phenotypes in Individual Scans,2022,IEEE Transactions on Medical Imaging,https://ieeexplore.ieee.org/ielx7/42/10091712/09947339.pdf,data/pdfs/W3133653501.pdf
599,W3016707213,Predicting MCI progression with FDG-PET and cognitive scores: a longitudinal study,2020,BMC Neurology,https://bmcneurol.biomedcentral.com/counter/pdf/10.1186/s12883-020-01728-x,data/pdfs/W3016707213.pdf
784,W2981482987,Computer-Aided Diagnosis System of Alzheimer’s Disease Based on Multimodal Fusion: Tissue Quantification Based on the Hybrid Fuzzy-Genetic-Possibilistic Model and Discriminative Classification Based on the SVDD Model,2019,Brain Sciences,https://www.mdpi.com/2076-3425/9/10/289/pdf?version=1573440601,data/pdfs/W2981482987.pdf
388,W4403094852,Ensemble of vision transformer architectures for efficient Alzheimer’s Disease classification,2024,Brain Informatics,https://link.springer.com/content/pdf/10.1186/s40708-024-00238-7.pdf,data/pdfs/W4403094852.pdf
354,W4362590227,Swin Transformer-Based Segmentation and Multi-Scale Feature Pyramid Fusion Module for Alzheimer’s Disease with Machine Learning,2023,International Journal of Online and Biomedical Engineering (iJOE),https://online-journals.org/index.php/i-joe/article/download/37677/12951,data/pdfs/W4362590227.pdf
528,W4296259828,Magnetic resonance imaging Locus Coeruleus abnormality in amnestic Mild Cognitive Impairment is associated with future progression to dementia,2022,European Journal of Neurology,https://onlinelibrary.wiley.com/doi/pdfdirect/10.1111/ene.15556,data/pdfs/W4296259828.pdf
893,W4288808204,"β-amyloid PET harmonisation across longitudinal studies: Application to AIBL, ADNI and OASIS3",2022,NeuroImage,https://www.sciencedirect.com/science/article/pii/S1053811922006425/pdf,data/pdfs/W4288808204.pdf
589,W3026545705,Prognostic value of ATN Alzheimer biomarkers: 60‐month follow‐up results from the Argentine Alzheimer's Disease Neuroimaging Initiative,2020,Alzheimer s & Dementia Diagnosis Assessment & Disease Monitoring,https://onlinelibrary.wiley.com/doi/pdfdirect/10.1002/dad2.12026,data/pdfs/W3026545705.pdf
844,W2964932616,β-amyloid pathology and hippocampal atrophy are independently associated with memory function in cognitively healthy elderly,2019,Scientific Reports,https://www.nature.com/articles/s41598-019-47638-y.pdf,data/pdfs/W2964932616.pdf
921,W4389441659,Novel Deep-Learning Approach for Automatic Diagnosis of Alzheimer’s Disease from MRI,2023,Applied Sciences,https://www.mdpi.com/2076-3417/13/24/13051/pdf?version=1701929580,data/pdfs/W4389441659.pdf
711,W4313552496,Using Explainable Artificial Intelligence in the Clock Drawing Test to Reveal the Cognitive Impairment Pattern,2023,International Journal of Neural Systems,https://digibug.ugr.es/bitstream/10481/85836/1/preprint.pdf,data/pdfs/W4313552496.pdf
782,W4310037043,MULTforAD: Multimodal MRI Neuroimaging for Alzheimer’s Disease Detection Based on a 3D Convolution Model,2022,Electronics,https://www.mdpi.com/2079-9292/11/23/3893/pdf?version=1669361785,data/pdfs/W4310037043.pdf
910,W4292432194,A CAD System for Alzheimer’s Disease Classification Using Neuroimaging MRI 2D Slices,2022,Computational and Mathematical Methods in Medicine,https://downloads.hindawi.com/journals/cmmm/2022/8680737.pdf,data/pdfs/W4292432194.pdf
845,W3155839915,Asymmetry of Hippocampal Tau Pathology in Primary Age-Related Tauopathy and Alzheimer Disease,2021,Journal of Neuropathology & Experimental Neurology,https://academic.oup.com/jnen/article-pdf/80/5/436/37107661/nlab032.pdf,data/pdfs/W3155839915.pdf
832,W3011749591,Atrophy patterns of hippocampal subfields in T2DM patients with cognitive impairment,2020,Endocrine,https://link.springer.com/content/pdf/10.1007/s12020-020-02249-w.pdf,data/pdfs/W3011749591.pdf
829,W3095171867,Comparing cortical signatures of atrophy between late-onset and autosomal dominant Alzheimer disease,2020,NeuroImage Clinical,https://www.sciencedirect.com/science/article/pii/S2213158220303284/pdf,data/pdfs/W3095171867.pdf
391,W4411868327,A deep learning model for early diagnosis of alzheimer’s disease combined with 3D CNN and video Swin transformer,2025,Scientific Reports,https://www.nature.com/articles/s41598-025-05568-y.pdf,data/pdfs/W4411868327.pdf
33,W4404075368,Explainable AI for Alzheimer Detection: A Review of Current Methods and Applications,2024,Applied Sciences,https://www.mdpi.com/2076-3417/14/22/10121/pdf?version=1730886730,data/pdfs/W4404075368.pdf
46,W4395095623,A generalizable data-driven model of atrophy heterogeneity and progression in memory clinic settings,2024,Brain,https://academic.oup.com/brain/article-pdf/147/7/2400/58447177/awae118.pdf,data/pdfs/W4395095623.pdf
243,W4366987356,Structural MRI Texture Analysis for Detecting Alzheimer’s Disease,2023,Journal of Medical and Biological Engineering,https://link.springer.com/content/pdf/10.1007/s40846-023-00787-y.pdf,data/pdfs/W4366987356.pdf
791,W4313299867,18F-FDG-PET Radiomics Based on White Matter Predicts The Progression of Mild Cognitive Impairment to Alzheimer Disease: A Machine Learning Study,2022,Academic Radiology,http://www.academicradiology.org/article/S1076633222006894/pdf,data/pdfs/W4313299867.pdf
639,W4282937247,Neuropathologic Features of Antemortem Atrophy-Based Subtypes of Alzheimer Disease,2022,Neurology,https://n.neurology.org/content/neurology/99/4/e323.full.pdf,data/pdfs/W4282937247.pdf
642,W3158108213,Complete Evaluation of Dementia: PET and MRI Correlation and Diagnosis for the Neuroradiologist,2021,American Journal of Neuroradiology,http://www.ajnr.org/content/ajnr/42/6/998.full.pdf,data/pdfs/W3158108213.pdf
366,W4407851922,"Machine learning prediction of tau‐PET in Alzheimer's disease using plasma, MRI, and clinical data",2025,Alzheimer s & Dementia,https://onlinelibrary.wiley.com/doi/pdfdirect/10.1002/alz.14600,data/pdfs/W4407851922.pdf
668,W4399617857,AI for the prediction of early stages of Alzheimer's disease from neuroimaging biomarkers – A narrative review of a growing field,2024,Neurological Sciences,https://arxiv.org/pdf/2406.17822,data/pdfs/W4399617857.pdf
386,W4387744212,Artificial Cognition for Detection of Mental Disability: A Vision Transformer Approach for Alzheimer’s Disease,2023,Healthcare,https://www.mdpi.com/2227-9032/11/20/2763/pdf?version=1697630964,data/pdfs/W4387744212.pdf
239,W4377012437,Longitudinal Relationships of White Matter Hyperintensities and Alzheimer Disease Biomarkers Across the Adult Life Span,2023,Neurology,https://pmc.ncbi.nlm.nih.gov/articles/PMC10351551/pdf/WNL-2023-000235.pdf,data/pdfs/W4377012437.pdf
557,W4367834399,Improved multimodal prediction of progression from MCI to Alzheimer's disease combining genetics with quantitative brain MRI and cognitive measures,2023,Alzheimer s & Dementia,https://onlinelibrary.wiley.com/doi/pdfdirect/10.1002/alz.13112,data/pdfs/W4367834399.pdf
901,W4200350001,Using imputation to provide harmonized longitudinal measures of cognition across AIBL and ADNI,2021,Scientific Reports,https://www.nature.com/articles/s41598-021-02827-6.pdf,data/pdfs/W4200350001.pdf
22,W4404844480,Detection of Alzheimer Disease in Neuroimages Using Vision Transformers: Systematic Review and Meta-Analysis,2024,Journal of Medical Internet Research,https://www.jmir.org/2025/1/e62647/PDF,data/pdfs/W4404844480.pdf
52,W4401402114,The ADNI PET Core at 20,2024,Alzheimer s & Dementia,https://onlinelibrary.wiley.com/doi/pdfdirect/10.1002/alz.14165,data/pdfs/W4401402114.pdf
685,W4390812816,Metabotropic glutamate receptor 5 (mGluR5) is associated with neurodegeneration and amyloid deposition in Alzheimer’s disease: A [18F]PSS232 PET/MRI study,2024,Alzheimer s Research & Therapy,https://alzres.biomedcentral.com/counter/pdf/10.1186/s13195-024-01385-z,data/pdfs/W4390812816.pdf
674,W4379985122,Diagnosis of Alzheimer’s Disease Using Convolutional Neural Network With Select Slices by Landmark on Hippocampus in MRI Images,2023,IEEE Access,https://ieeexplore.ieee.org/ielx7/6287639/10005208/10147819.pdf,data/pdfs/W4379985122.pdf
683,W4285172834,Deviation From Model of Normal Aging in Alzheimer’s Disease: Application of Deep Learning to Structural MRI Data and Cognitive Tests,2022,IEEE Access,https://ieeexplore.ieee.org/ielx7/6287639/6514899/09773353.pdf,data/pdfs/W4285172834.pdf
233,W3137333317,DHA intake relates to better cerebrovascular and neurodegeneration neuroimaging phenotypes in middle-aged adults at increased genetic risk of Alzheimer disease,2021,American Journal of Clinical Nutrition,https://ajcn.nutrition.org/action/showPdf?pii=S0002-9165%2822%2900740-7,data/pdfs/W3137333317.pdf
860,W3089949836,Parieto-occipital sulcus widening differentiates posterior cortical atrophy from typical Alzheimer disease,2020,NeuroImage Clinical,https://www.sciencedirect.com/science/article/pii/S2213158220302904?via%3Dihub,data/pdfs/W3089949836.pdf
651,W2910270109,Sexual Dimorphism and Hemispheric Asymmetry of Hippocampal Volumetric Integrity in Normal Aging and Alzheimer Disease,2019,American Journal of Neuroradiology,http://www.ajnr.org/content/ajnr/40/2/276.full.pdf,data/pdfs/W2910270109.pdf
12,W4411853383,Classifying and diagnosing Alzheimer’s disease with deep learning using 6735 brain MRI images,2025,Scientific Reports,https://www.nature.com/articles/s41598-025-08092-1.pdf,data/pdfs/W4411853383.pdf
92,W4387472682,"MRI-based Deep Learning Assessment of Amyloid, Tau, and Neurodegeneration Biomarker Status across the Alzheimer Disease Spectrum",2023,Radiology,https://pmc.ncbi.nlm.nih.gov/articles/PMC10623183/pdf/radiol.222441.pdf,data/pdfs/W4387472682.pdf
427,W4387247665,sMRI-PatchNet: A Novel Efficient Explainable Patch-Based Deep Learning Network for Alzheimer’s Disease Diagnosis With Structural MRI,2023,IEEE Access,https://ieeexplore.ieee.org/ielx7/6287639/6514899/10268414.pdf,data/pdfs/W4387247665.pdf
936,W4388284831,Deep Learning‐Based Ensembling Technique to Classify Alzheimer’s Disease Stages Using Functional MRI,2023,Journal of Healthcare Engineering,https://downloads.hindawi.com/journals/jhe/2023/6961346.pdf,data/pdfs/W4388284831.pdf
352,W2999705924,Autosomal dominantly inherited alzheimer disease: Analysis of genetic subgroups by machine learning,2020,Information Fusion,https://scholarworks.indianapolis.iu.edu/bitstreams/3e0ecd7b-e61d-4f02-8cd3-6f8329ae7898/download,data/pdfs/W2999705924.pdf
37,W4413376587,Artificial Intelligence in Alzheimer’s Disease Diagnosis and Prognosis Using PET-MRI: A Narrative Review of High-Impact Literature Post-Tauvid Approval,2025,Journal of Clinical Medicine,https://www.mdpi.com/2077-0383/14/16/5913/pdf?version=1755782663,data/pdfs/W4413376587.pdf
745,W4387668596,The Combination of a Graph Neural Network Technique and Brain Imaging to Diagnose Neurological Disorders: A Review and Outlook,2023,Brain Sciences,https://www.mdpi.com/2076-3425/13/10/1462/pdf?version=1697446981,data/pdfs/W4387668596.pdf
783,W3022857224,Integrity of Neurocognitive Networks in Dementing Disorders as Measured with Simultaneous PET/Functional MRI,2020,Journal of Nuclear Medicine,https://jnm.snmjournals.org/content/jnumed/61/9/1341.full.pdf,data/pdfs/W3022857224.pdf
862,W2992343871,Plasma tau correlates with basal forebrain atrophy rates in people at risk for Alzheimer disease,2019,Neurology,https://iris.uniroma1.it/bitstream/11573/1407464/1/Cavedo_Plasma_2020.pdf,data/pdfs/W2992343871.pdf
403,W2899119152,Deep Learning on MRI Affirms the Prominence of the Hippocampal Formation in Alzheimer's Disease Classification,2018,bioRxiv (Cold Spring Harbor Laboratory),https://www.biorxiv.org/content/biorxiv/early/2018/10/31/456277.full.pdf,data/pdfs/W2899119152.pdf
8,W4391751874,A regularized volumetric ConvNet based Alzheimer detection using T1-weighted MRI images,2024,Cogent Engineering,https://www.tandfonline.com/doi/pdf/10.1080/23311916.2024.2314872?download=true,data/pdfs/W4391751874.pdf
413,W4226287331,The impact of transfer learning on 3D deep learning convolutional neural network segmentation of the hippocampus in mild cognitive impairment and Alzheimer disease subjects,2022,Human Brain Mapping,https://onlinelibrary.wiley.com/doi/pdfdirect/10.1002/hbm.25858,data/pdfs/W4226287331.pdf
207,W4213448124,Associations of Stages of Objective Memory Impairment With Amyloid PET and Structural MRI,2022,Neurology,https://n.neurology.org/content/neurology/98/13/e1327.full.pdf,data/pdfs/W4213448124.pdf
672,W3186377521,Comparing amyloid-β plaque burden with antemortem PiB PET in autosomal dominant and late-onset Alzheimer disease,2021,Acta Neuropathologica,https://scholarworks.indianapolis.iu.edu/bitstreams/a7ca014a-d07d-49ce-a349-58cd447294e6/download,data/pdfs/W3186377521.pdf
680,W3161439097,Transfer learning‐trained convolutional neural networks identify novel MRI biomarkers of Alzheimer's disease progression,2021,Alzheimer s & Dementia Diagnosis Assessment & Disease Monitoring,https://onlinelibrary.wiley.com/doi/pdfdirect/10.1002/dad2.12140,data/pdfs/W3161439097.pdf
833,W3111786826,Neural correlates of resilience to the effects of hippocampal atrophy on memory,2020,NeuroImage Clinical,https://www.sciencedirect.com/science/article/pii/S2213158220303636/pdf,data/pdfs/W3111786826.pdf
684,W4410077261,AI-driven early diagnosis of specific mental disorders: a comprehensive study,2025,Cognitive Neurodynamics,https://link.springer.com/content/pdf/10.1007/s11571-025-10253-x.pdf,data/pdfs/W4410077261.pdf
55,W4402302512,Classification of Alzheimer disease using DenseNet-201 based on deep transfer learning technique,2024,PLoS ONE,https://journals.plos.org/plosone/article/file?id=10.1371/journal.pone.0304995&type=printable,data/pdfs/W4402302512.pdf
707,W4392672760,Drop the shortcuts: image augmentation improves fairness and decreases AI detection of race and other demographics from medical images,2024,EBioMedicine,http://www.thelancet.com/article/S2352396424000823/pdf,data/pdfs/W4392672760.pdf
796,W3116208050,11C-UCB-J synaptic PET and multimodal imaging in dementia with Lewy bodies,2020,European Journal of Hybrid Imaging,https://ejhi.springeropen.com/track/pdf/10.1186/s41824-020-00093-9,data/pdfs/W3116208050.pdf
762,W3013883231,Multimodal analysis using [11C]PiB-PET/MRI for functional evaluation of patients with Alzheimer’s disease,2020,EJNMMI Research,https://ejnmmires.springeropen.com/track/pdf/10.1186/s13550-020-00619-z,data/pdfs/W3013883231.pdf
859,W2999641923,Longitudinal trajectory of Amyloid‐related hippocampal subfield atrophy in nondemented elderly,2020,Human Brain Mapping,https://onlinelibrary.wiley.com/doi/pdfdirect/10.1002/hbm.24928,data/pdfs/W2999641923.pdf
382,W4388642353,A Dimension Centric Proximate Attention Network and Swin Transformer for Age-Based Classification of Mild Cognitive Impairment From Brain MRI,2023,IEEE Access,https://ieeexplore.ieee.org/ielx7/6287639/6514899/10315131.pdf,data/pdfs/W4388642353.pdf
747,W4302307608,Machine Learning Workflow to Explain Black-Box Models for Early Alzheimer’s Disease Classification Evaluated for Multiple Datasets,2022,SN Computer Science,https://link.springer.com/content/pdf/10.1007/s42979-022-01371-y.pdf,data/pdfs/W4302307608.pdf
664,W4285587164,Neuropathologic scales of cerebrovascular disease associated with diffusion changes on MRI,2022,Acta Neuropathologica,https://link.springer.com/content/pdf/10.1007/s00401-022-02465-w.pdf,data/pdfs/W4285587164.pdf
877,W3091447885,Association of blood-based transcriptional risk scores with biomarkers for Alzheimer disease,2020,Neurology Genetics,https://ng.neurology.org/content/nng/6/6/e517.full.pdf,data/pdfs/W3091447885.pdf
397,W4404297703,Explainable early detection of Alzheimer’s disease using ROIs and an ensemble of 138 3D vision transformers,2024,Scientific Reports,https://www.nature.com/articles/s41598-024-76313-0.pdf,data/pdfs/W4404297703.pdf
30,W4403691312,"Blood-derived mitochondrial DNA copy number is associated with Alzheimer disease, Alzheimer-related biomarkers and serum metabolites",2024,Alzheimer s Research & Therapy,https://alzres.biomedcentral.com/counter/pdf/10.1186/s13195-024-01601-w,data/pdfs/W4403691312.pdf
675,W4391810110,Genetic and Clinical Correlates of AI-Based Brain Aging Patterns in Cognitively Unimpaired Individuals,2024,JAMA Psychiatry,https://pmc.ncbi.nlm.nih.gov/articles/instance/10867779/bin/jamapsychiatry-e235599-s001.pdf,data/pdfs/W4391810110.pdf
677,W4206796536,Associations between MRI-assessed locus coeruleus integrity and cortical gray matter microstructure,2021,Cerebral Cortex,https://academic.oup.com/cercor/advance-article-pdf/doi/10.1093/cercor/bhab475/41988242/bhab475.pdf,data/pdfs/W4206796536.pdf
930,W3134168741,Deep Learning Based Multilevel Classification of Alzheimer’s Disease using MRI Scans,2021,IOP Conference Series Materials Science and Engineering,https://iopscience.iop.org/article/10.1088/1757-899X/1084/1/012017/pdf,data/pdfs/W3134168741.pdf
640,W4402117954,Advanced interpretable diagnosis of Alzheimer's disease using SECNN-RF framework with explainable AI,2024,Frontiers in Artificial Intelligence,https://www.frontiersin.org/journals/artificial-intelligence/articles/10.3389/frai.2024.1456069/pdf,data/pdfs/W4402117954.pdf
53,W4401420403,Design and validation of the ADNI MR protocol,2024,Alzheimer s & Dementia,https://onlinelibrary.wiley.com/doi/pdfdirect/10.1002/alz.14162,data/pdfs/W4401420403.pdf
429,W4394896945,Dual Attention Convolutional AutoEncoder for Diagnosis of Alzheimer’s Disorder in Patients Using Neuroimaging and MRI Features,2024,IEEE Access,https://ieeexplore.ieee.org/ielx7/6287639/6514899/10504280.pdf,data/pdfs/W4394896945.pdf
419,W4387809265,Explainable Vision Transformer with Self-Supervised Learning to Predict Alzheimer’s Disease Progression Using 18F-FDG PET,2023,Bioengineering,https://www.mdpi.com/2306-5354/10/10/1225/pdf?version=1697785450,data/pdfs/W4387809265.pdf
944,W4300484541,VGG-C Transform Model with Batch Normalization to Predict Alzheimer’s Disease through MRI Dataset,2022,Electronics,https://www.mdpi.com/2079-9292/11/16/2601/pdf?version=1661143889,data/pdfs/W4300484541.pdf
658,W3001399500,Identifying Morphological Patterns of Hippocampal Atrophy in Patients With Mesial Temporal Lobe Epilepsy and Alzheimer Disease,2020,Frontiers in Neurology,https://www.frontiersin.org/articles/10.3389/fneur.2020.00021/pdf,data/pdfs/W3001399500.pdf
404,W4385878937,Resizer Swin Transformer-Based Classification Using sMRI for Alzheimer’s Disease,2023,Applied Sciences,https://www.mdpi.com/2076-3417/13/16/9310/pdf?version=1692188361,data/pdfs/W4385878937.pdf
439,W4377007227,Same-Subject-Modalities-Interactions: A Novel Framework for MRI and PET Multi-Modality Fusion for Alzheimer’s Disease Classification,2023,IEEE Access,https://ieeexplore.ieee.org/ielx7/6287639/10005208/10125572.pdf,data/pdfs/W4377007227.pdf
588,W3164268453,Predicting Conversion from MCI to AD Combining Multi-Modality Data and Based on Molecular Subtype,2021,Brain Sciences,https://www.mdpi.com/2076-3425/11/6/674/pdf?version=1621848328,data/pdfs/W3164268453.pdf
888,W3150896365,Combined Atlas and Convolutional Neural Network-Based Segmentation of the Hippocampus from MRI According to the ADNI Harmonized Protocol,2021,Sensors,https://www.mdpi.com/1424-8220/21/7/2427/pdf?version=1617939128,data/pdfs/W3150896365.pdf
655,W3118763842,"A Practical Alzheimer Disease Classifier via Brain Imaging-Based Deep Learning on 85,721 Samples",2020,bioRxiv (Cold Spring Harbor Laboratory),https://www.biorxiv.org/content/biorxiv/early/2021/04/13/2020.08.18.256594.full.pdf,data/pdfs/W3118763842.pdf
865,W3041654750,Differential Atrophy in the Hippocampal Subfield Volumes in Four Types of Mild Dementia,2020,Frontiers in Neuroscience,https://www.frontiersin.org/articles/10.3389/fnins.2020.00699/pdf,data/pdfs/W3041654750.pdf
27,W4400484302,Predicting Cognitive Decline in Amyloid-Positive Patients With Mild Cognitive Impairment or Mild Dementia,2024,Neurology,https://www.neurology.org/doi/pdf/10.1212/WNL.0000000000209605,data/pdfs/W4400484302.pdf
682,W4392645442,Current Trends and Applications of PET/MRI Hybrid Imaging in Neurodegenerative Diseases and Normal Aging,2024,Diagnostics,https://www.mdpi.com/2075-4418/14/6/585/pdf?version=1710143628,data/pdfs/W4392645442.pdf
100,W4389167673,"MRI or18F-FDG PET for Brain Age Gap Estimation: Links to Cognition, Pathology, and Alzheimer Disease Progression",2023,Journal of Nuclear Medicine,https://jnm.snmjournals.org/content/jnumed/early/2023/11/30/jnumed.123.265931.full.pdf,data/pdfs/W4389167673.pdf
744,W4380052386,Personalized Explanations for Early Diagnosis of Alzheimer’s Disease Using Explainable Graph Neural Networks with Population Graphs,2023,Bioengineering,https://www.mdpi.com/2306-5354/10/6/701/pdf?version=1686208559,data/pdfs/W4380052386.pdf
671,W4366582593,Higher performance for women than men in MRI-based Alzheimer’s disease detection,2023,Alzheimer s Research & Therapy,https://alzres.biomedcentral.com/counter/pdf/10.1186/s13195-023-01225-6,data/pdfs/W4366582593.pdf
916,W4288066626,Corpus callosum anatomical changes in Alzheimer patients and the effect of acetylcholinesterase inhibitors on corpus callosum morphometry,2022,PLoS ONE,https://journals.plos.org/plosone/article/file?id=10.1371/journal.pone.0269082&type=printable,data/pdfs/W4288066626.pdf
669,W3168875117,Sex Difference in Network Topology and Education Correlated With Sex Difference in Cognition During the Disease Process of Alzheimer,2021,Frontiers in Aging Neuroscience,https://www.frontiersin.org/articles/10.3389/fnagi.2021.639529/pdf,data/pdfs/W3168875117.pdf
646,W3106419496,Investigating the clinico-anatomical dissociation in the behavioral variant of Alzheimer disease,2020,Alzheimer s Research & Therapy,https://alzres.biomedcentral.com/track/pdf/10.1186/s13195-020-00717-z,data/pdfs/W3106419496.pdf
2,W4409396694,Hybrid of DSR-GAN and CNN for Alzheimer disease detection based on MRI images,2025,Scientific Reports,https://www.nature.com/articles/s41598-025-94677-9.pdf,data/pdfs/W4409396694.pdf
656,W4406041751,ReIU: an efficient preliminary framework for Alzheimer patients based on multi-model data,2025,Frontiers in Public Health,https://www.frontiersin.org/journals/public-health/articles/10.3389/fpubh.2024.1449798/pdf,data/pdfs/W4406041751.pdf
667,W4412068054,Current Clinical Applications of Structural MRI in Neurological Disorders,2025,Journal of Clinical Neurology,http://thejcn.com/Synapse/Data/PDFData/0145JCN/jcn-21-277.pdf,data/pdfs/W4412068054.pdf
645,W4390666240,Explaining graph convolutional network predictions for clinicians—An explainable AI approach to Alzheimer's disease classification,2024,Frontiers in Artificial Intelligence,https://www.frontiersin.org/articles/10.3389/frai.2023.1334613/pdf?isPublishedV2=False,data/pdfs/W4390666240.pdf
409,W4390498427,Histogram-based features track Alzheimer's progression in brain MRI,2024,Scientific Reports,https://www.nature.com/articles/s41598-023-50631-1.pdf,data/pdfs/W4390498427.pdf
798,W3211091912,AutoEncoder-based feature ranking for Alzheimer Disease classification using PET image,2021,Machine Learning with Applications,https://www.sciencedirect.com/science/article/pii/S266682702100092X/pdf,data/pdfs/W3211091912.pdf
573,W3044763015,Simultaneous FDG-PET/MRI detects hippocampal subfield metabolic differences in AD/MCI,2020,Scientific Reports,https://www.nature.com/articles/s41598-020-69065-0.pdf,data/pdfs/W3044763015.pdf
435,W4413035771,Longitudinal structural MRI-based deep learning and radiomics features for predicting Alzheimer’s disease progression,2025,Alzheimer s Research & Therapy,https://alzres.biomedcentral.com/counter/pdf/10.1186/s13195-025-01827-2,data/pdfs/W4413035771.pdf
687,W4391729627,"A next-generation, histological atlas of the human brain and its application to automated brain MRI segmentation",2024,bioRxiv (Cold Spring Harbor Laboratory),https://www.biorxiv.org/content/biorxiv/early/2024/02/06/2024.02.05.579016.full.pdf,data/pdfs/W4391729627.pdf
431,W4310236380,Constructing brain functional network by Adversarial Temporal-Spatial Aligned Transformer for early AD analysis,2022,Frontiers in Neuroscience,https://www.frontiersin.org/articles/10.3389/fnins.2022.1087176/pdf,data/pdfs/W4310236380.pdf
884,W4285130568,An Exemplar Pyramid Feature Extraction Based Alzheimer Disease Classification Method,2022,IEEE Access,https://ieeexplore.ieee.org/ielx7/6287639/6514899/09796517.pdf,data/pdfs/W4285130568.pdf
922,W3192654745,"Predicting Brain Amyloid Using Multivariate Morphometry Statistics, Sparse Coding, and Correntropy: Validation in 1,101 Individuals From the ADNI and OASIS Databases",2021,Frontiers in Neuroscience,https://www.frontiersin.org/articles/10.3389/fnins.2021.669595/pdf,data/pdfs/W3192654745.pdf
358,W3118725450,Alzheimer Disease Forecasting using Machine Learning Algorithm,2020,Bioscience Biotechnology Research Communications,https://doi.org/10.21786/bbrc/13.11/4,data/pdfs/W3118725450.pdf
102,W3042654740,Novel MRI Techniques Identifying Vascular Leak and Paravascular Flow Reduction in Early Alzheimer Disease,2020,Biomedicines,https://www.mdpi.com/2227-9059/8/7/228/pdf?version=1595234823,data/pdfs/W3042654740.pdf
886,W4401581241,The informatics of ADNI,2024,Alzheimer s & Dementia,https://onlinelibrary.wiley.com/doi/pdfdirect/10.1002/alz.14099,data/pdfs/W4401581241.pdf
847,W4389921555,Association Between Hippocampal Volumes and Cognition in Cerebral Amyloid Angiopathy,2023,Neurology,https://pmc.ncbi.nlm.nih.gov/articles/PMC10870737/pdf/WNL-2023-002077.pdf,data/pdfs/W4389921555.pdf
580,W3202517842,Early MCI‐to‐AD Conversion Prediction Using Future Value Forecasting of Multimodal Features,2021,Computational Intelligence and Neuroscience,https://downloads.hindawi.com/journals/cin/2021/6628036.pdf,data/pdfs/W3202517842.pdf
416,W4412150750,Deep ensemble learning with transformer models for enhanced Alzheimer’s disease detection,2025,Scientific Reports,https://www.nature.com/articles/s41598-025-08362-y.pdf,data/pdfs/W4412150750.pdf
405,W4410369939,Early detection of Alzheimer’s disease progression stages using hybrid of CNN and transformer encoder models,2025,Scientific Reports,https://www.nature.com/articles/s41598-025-01072-5.pdf,data/pdfs/W4410369939.pdf
38,W4406536034,Biomarker Investigation Using Multiple Brain Measures from MRI Through Explainable Artificial Intelligence in Alzheimer’s Disease Classification,2025,Bioengineering,https://www.mdpi.com/2306-5354/12/1/82/pdf?version=1737093541,data/pdfs/W4406536034.pdf
56,W4402678746,Enhancing healthcare recommendation: transfer learning in deep convolutional neural networks for Alzheimer disease detection,2024,Frontiers in Medicine,https://public-pages-files-2025.frontiersin.org/journals/medicine/articles/10.3389/fmed.2024.1445325/pdf,data/pdfs/W4402678746.pdf
633,W4385729918,Explainable AI for Medical Image Processing: A Study on MRI in Alzheimer’s Disease,2023,,https://dl.acm.org/doi/pdf/10.1145/3594806.3596521,data/pdfs/W4385729918.pdf
913,W4386090378,TriAD: A Deep Ensemble Network for Alzheimer Classification and Localization,2023,IEEE Access,https://ieeexplore.ieee.org/ielx7/6287639/6514899/10227290.pdf,data/pdfs/W4386090378.pdf
938,W3121507610,Detection of Alzheimer’s disease with segmentation approach using K-Means Clustering and Watershed Method of MRI image,2021,Journal of Physics Conference Series,https://iopscience.iop.org/article/10.1088/1742-6596/1725/1/012009/pdf,data/pdfs/W3121507610.pdf
408,W4409644227,Improved Alzheimer Disease Diagnosis With a Machine Learning Approach and Neuroimaging: Case Study Development,2025,JMIRx Med,https://xmed.jmir.org/2025/1/e60866/PDF,data/pdfs/W4409644227.pdf
585,W4360994059,Hypo- and hyper-perfusion in MCI and AD identified by different ASL MRI sequences,2023,Brain Imaging and Behavior,https://pmc.ncbi.nlm.nih.gov/articles/PMC10198885/pdf/nihms-1884966.pdf,data/pdfs/W4360994059.pdf
444,W4382896679,Brain Functional Network Generation Using Distribution-Regularized Adversarial Graph Autoencoder with Transformer for Dementia Diagnosis,2023,Computer Modeling in Engineering & Sciences,https://www.techscience.com/CMES/online/detail/19270/pdf,data/pdfs/W4382896679.pdf
953,W4213070711,Multi -Classification based Alzheimer's Disease Detection with Comparative Analysis from Brain MRI Scans using Deep Learning,2021,TENCON 2021 - 2021 IEEE Region 10 Conference (TENCON),https://dspace.bracu.ac.bd/bitstreams/561a5061-475d-4b3c-bc09-654f0e2783b3/download,data/pdfs/W4213070711.pdf
710,W4414240569,Data Leakage in Deep Learning for Alzheimer’s Disease Diagnosis: A Scoping Review of Methodological Rigor and Performance Inflation,2025,Diagnostics,https://www.mdpi.com/2075-4418/15/18/2348/pdf?version=1758024686,data/pdfs/W4414240569.pdf
40,W4410464496,An integrated deep learning model for early and multi-class diagnosis of Alzheimer’s disease from MRI scans,2025,Scientific Reports,https://www.nature.com/articles/s41598-025-01845-y.pdf,data/pdfs/W4410464496.pdf
433,W4410207766,Transformer and Convolutional Neural Network: A Hybrid Model for Multimodal Data in Multiclass Classification of Alzheimer’s Disease,2025,Mathematics,https://www.mdpi.com/2227-7390/13/10/1548/pdf?version=1746705504,data/pdfs/W4410207766.pdf
459,W4386778205,Improving Alzheimer’s Disease Classification in Brain MRI Images Using a Neural Network Model Enhanced with PCA and SWLDA,2023,Healthcare,https://www.mdpi.com/2227-9032/11/18/2551/pdf?version=1695001950,data/pdfs/W4386778205.pdf
914,W4301400678,Alzheimers Disease Detection Using Different Machine Learning Algorithms,2022,International Journal for Research in Applied Science and Engineering Technology,https://doi.org/10.22214/ijraset.2022.46937,data/pdfs/W4301400678.pdf
348,W4290960371,Machine Learning-Based Multimodel Computing for Medical Imaging for Classification and Detection of Alzheimer Disease,2022,Computational Intelligence and Neuroscience,https://downloads.hindawi.com/journals/cin/2022/9211477.pdf,data/pdfs/W4290960371.pdf
48,W4412543900,Disease stage–specific atrophy markers in Alzheimer's disease,2025,Alzheimer s & Dementia,https://onlinelibrary.wiley.com/doi/pdfdirect/10.1002/alz.70482,data/pdfs/W4412543900.pdf
34,W4411462949,Transfer deep learning and explainable AI framework for brain tumor and Alzheimer's detection across multiple datasets,2025,Frontiers in Medicine,https://www.frontiersin.org/journals/medicine/articles/10.3389/fmed.2025.1618550/pdf,data/pdfs/W4411462949.pdf
950,W4405338439,Early detection of Alzheimer’s disease in structural and functional MRI,2024,Frontiers in Medicine,https://www.frontiersin.org/journals/medicine/articles/10.3389/fmed.2024.1520878/pdf,data/pdfs/W4405338439.pdf
426,W4402130622,Multiple Inputs and Mixed Data for Alzheimer’s Disease Classification Based on 3D Vision Transformer,2024,Mathematics,https://www.mdpi.com/2227-7390/12/17/2720/pdf,data/pdfs/W4402130622.pdf
462,W4400261312,"Comparison of deep learning architectures for predicting amyloid positivity in Alzheimer’s disease, mild cognitive impairment, and healthy aging, from T1-weighted brain structural MRI",2024,Frontiers in Neuroscience,https://www.frontiersin.org/journals/neuroscience/articles/10.3389/fnins.2024.1387196/pdf,data/pdfs/W4400261312.pdf
925,W3006448441,Longitudinal Magnetic Resonance Imaging as a Potential Correlate in the Diagnosis of Alzheimer Disease: Exploratory Data Analysis,2020,JMIR Biomedical Engineering,https://biomedeng.jmir.org/2020/1/e14389/PDF,data/pdfs/W3006448441.pdf
406,W4414629039,An optimized hybrid deep learning model to detect Alzheimer disease,2025,Scientific Reports,https://www.nature.com/articles/s41598-025-14169-8.pdf,data/pdfs/W4414629039.pdf
445,W4410634663,Brain glymphatic fluid mapping in Alzheimer’s disease: a human MRI and PET study,2025,Brain Communications,https://academic.oup.com/braincomms/advance-article-pdf/doi/10.1093/braincomms/fcaf200/63326937/fcaf200.pdf,data/pdfs/W4410634663.pdf
461,W4394910399,Understanding the Role of Self-Attention in a Transformer Model for the Discrimination of SCD From MCI Using Resting-State EEG,2024,IEEE Journal of Biomedical and Health Informatics,https://ieeexplore.ieee.org/ielx7/6221020/6363502/10504921.pdf,data/pdfs/W4394910399.pdf
423,W4394807540,Identifying Progression-Specific Alzheimer’s Subtypes Using Multimodal Transformer,2024,Journal of Personalized Medicine,https://www.mdpi.com/2075-4426/14/4/421/pdf?version=1713178844,data/pdfs/W4394807540.pdf
955,W3184792041,Alzheimer’s Disease Classification Accuracy is Improved by MRI Harmonization based on Attention-Guided Generative Adversarial Networks,2021,bioRxiv (Cold Spring Harbor Laboratory),https://www.biorxiv.org/content/biorxiv/early/2021/07/27/2021.07.26.453862.1.full.pdf,data/pdfs/W3184792041.pdf
650,W4402577460,Alzheimer’s Multiclassification Using Explainable AI Techniques,2024,Applied Sciences,https://www.mdpi.com/2076-3417/14/18/8287/pdf?version=1726294792,data/pdfs/W4402577460.pdf
457,W4402357349,Automated Idiopathic Normal Pressure Hydrocephalus Diagnosis via Artificial Intelligence–Based 3D T1 MRI Volumetric Analysis,2024,American Journal of Neuroradiology,https://www.ajnr.org/content/ajnr/46/1/33.full.pdf,data/pdfs/W4402357349.pdf
442,W4387404485,MRI and Clinical Biomarkers Overlap between Glaucoma and Alzheimer’s Disease,2023,International Journal of Molecular Sciences,https://www.mdpi.com/1422-0067/24/19/14932/pdf?version=1696514334,data/pdfs/W4387404485.pdf
422,W4411856100,A novel neuroimaging based early detection framework for alzheimer disease using deep learning,2025,Scientific Reports,https://www.nature.com/articles/s41598-025-05529-5.pdf,data/pdfs/W4411856100.pdf
742,W4407668521,Contrastive self-supervised learning for neurodegenerative disorder classification,2025,Frontiers in Neuroinformatics,https://www.frontiersin.org/journals/neuroinformatics/articles/10.3389/fninf.2025.1527582/pdf,data/pdfs/W4407668521.pdf
4,W4391646276,Application and comparison of K-means and PCA based segmentation models for Alzheimer disease detection using MRI,2024,Discover Artificial Intelligence,https://link.springer.com/content/pdf/10.1007/s44163-024-00106-7.pdf,data/pdfs/W4391646276.pdf
460,W4390872384,"An Empirical Analysis of Diffusion, Autoencoders, and Adversarial Deep Learning Models for Predicting Dementia Using High-Fidelity MRI",2024,IEEE Access,https://ieeexplore.ieee.org/ielx7/6287639/6514899/10400467.pdf,data/pdfs/W4390872384.pdf
739,W7117473462,"Deep learning for Alzheimer’s disease: advances in classification, segmentation, subtyping, and explainability",2025,BioMedical Engineering OnLine,https://link.springer.com/content/pdf/10.1186/s12938-025-01482-6.pdf,data/pdfs/W7117473462.pdf
942,W4413365588,Novel deep learning for multi-class classification of Alzheimer’s in disability using MRI datasets,2025,Frontiers in Bioinformatics,https://www.frontiersin.org/journals/bioinformatics/articles/10.3389/fbinf.2025.1567219/pdf,data/pdfs/W4413365588.pdf
441,W4412613683,An explainable transformer model for Alzheimer’s disease detection using retinal imaging,2025,Scientific Reports,https://www.nature.com/articles/s41598-025-12498-2.pdf,data/pdfs/W4412613683.pdf
482,W4410972585,Research progress in predicting the conversion from mild cognitive impairment to Alzheimer’s disease via multimodal MRI and artificial intelligence,2025,Frontiers in Neurology,https://www.frontiersin.org/journals/neurology/articles/10.3389/fneur.2025.1596632/pdf,data/pdfs/W4410972585.pdf
390,W4409524147,A hybrid transformer-based approach for early detection of Alzheimer’s disease using MRI images,2025,Bioimpacts,https://bi.tbzmed.ac.ir/PDF/bi-15-30849.pdf,data/pdfs/W4409524147.pdf
717,W4401622079,Dominating Alzheimer's disease diagnosis with deep learning on sMRI and DTI-MD,2024,Frontiers in Neurology,https://www.frontiersin.org/journals/neurology/articles/10.3389/fneur.2024.1444795/pdf,data/pdfs/W4401622079.pdf
866,W4396792974,TDP-43 Is Associated with Subiculum and Cornu Ammonis 1 Hippocampal Subfield Atrophy in Primary Age-Related Tauopathy,2024,Journal of Alzheimer s Disease,https://pmc.ncbi.nlm.nih.gov/articles/PMC11265226/pdf/nihms-2006813.pdf,data/pdfs/W4396792974.pdf
476,W4394890259,U-shaped convolutional transformer GAN with multi-resolution consistency loss for restoring brain functional time-series and dementia diagnosis,2024,Frontiers in Computational Neuroscience,https://www.frontiersin.org/articles/10.3389/fncom.2024.1387004/pdf?isPublishedV2=False,data/pdfs/W4394890259.pdf
464,W4388214263,Early Alzheimer’s disease diagnosis using an XG-Boost model applied to MRI images,2023,Biomedical Research and Therapy,http://bmrat.org/index.php/BMRAT/article/download/832/1694,data/pdfs/W4388214263.pdf
424,W4407629441,Multimodal surface-based transformer model for early diagnosis of Alzheimer’s disease,2025,Scientific Reports,https://www.nature.com/articles/s41598-025-90115-y.pdf,data/pdfs/W4407629441.pdf
947,W4400979112,"Advancing Tau PET Quantification in Alzheimer Disease with Machine Learning: Introducing THETA, a Novel Tau Summary Measure",2024,Journal of Nuclear Medicine,https://jnm.snmjournals.org/content/jnumed/65/9/1473.full.pdf,data/pdfs/W4400979112.pdf
448,W4400685383,Alzheimer’s disease detection and stage identification from magnetic resonance brain images using vision transformer,2024,Machine Learning Science and Technology,https://iopscience.iop.org/article/10.1088/2632-2153/ad5fdc/pdf,data/pdfs/W4400685383.pdf
694,W4389935486,Predicting Four-Year’s Alzheimer’s Disease Onset Using Longitudinal Neurocognitive Tests and MRI Data Using Explainable Deep Convolutional Neural Networks,2023,Journal of Alzheimer s Disease,https://content.iospress.com:443/download/journal-of-alzheimers-disease/jad230893?id=journal-of-alzheimers-disease%2Fjad230893,data/pdfs/W4389935486.pdf
489,W4412386373,A hybrid learning approach for MRI-based detection of alzheimer’s disease stages using dual CNNs and ensemble classifier,2025,Scientific Reports,https://www.nature.com/articles/s41598-025-11743-y.pdf,data/pdfs/W4412386373.pdf
730,W4399931623,Assessing the Interpretability of Machine Learning Models in Early Detection of Alzheimer's Disease,2024,,https://hal.science/hal-04621335/document,data/pdfs/W4399931623.pdf
546,W2986832571,Exploring Survival Models Associated with MCI to AD Conversion: A Machine Learning Approach,2019,bioRxiv (Cold Spring Harbor Laboratory),https://www.biorxiv.org/content/biorxiv/early/2019/11/11/836510.full.pdf,data/pdfs/W2986832571.pdf
466,W4413100844,Improving early detection of Alzheimer’s disease through MRI slice selection and deep learning techniques,2025,Scientific Reports,https://www.nature.com/articles/s41598-025-14476-0.pdf,data/pdfs/W4413100844.pdf
735,W4410315902,Leveraging explainable artificial intelligence with ensemble of deep learning model for dementia prediction to enhance clinical decision support systems,2025,Scientific Reports,https://www.nature.com/articles/s41598-025-97102-3.pdf,data/pdfs/W4410315902.pdf
428,W4403587220,"Comprehensive Segmentation of Gray Matter Structures on T1-Weighted Brain MRI: A Comparative Study of Convolutional Neural Network, Convolutional Neural Network Hybrid-Transformer or -Mamba Architectures",2024,American Journal of Neuroradiology,https://www.ajnr.org/content/ajnr/early/2024/10/21/ajnr.A8544.full.pdf,data/pdfs/W4403587220.pdf
465,W4403379661,Detection of Alzheimer’s and Parkinson’s Diseases Using Deep Learning-Based Various Transformers Models,2024,,https://www.mdpi.com/2673-4591/73/1/4/pdf?version=1728889278,data/pdfs/W4403379661.pdf
415,W4401750434,Pvtad: Alzheimer’s Disease Diagnosis Using Pyramid Vision Transformer Applied to White Matter of T1-Weighted Structural Mri Data,2024,,https://pmc.ncbi.nlm.nih.gov/articles/PMC11877309/pdf/nihms-2059432.pdf,data/pdfs/W4401750434.pdf
9,W4393213145,Leveraging Deep Learning and Xception Architecture for High-Accuracy MRI Classification in Alzheimer Diagnosis,2024,arXiv (Cornell University),https://arxiv.org/pdf/2403.16212,data/pdfs/W4393213145.pdf
477,W4401745552,Implications of Convolutional Neural Network for Brain MRI Image Classification to Identify Alzheimer’s Disease,2024,Parkinson s Disease,https://onlinelibrary.wiley.com/doi/pdfdirect/10.1155/2024/6111483,data/pdfs/W4401745552.pdf
734,W4388131431,"Predictive modelling of brain disorders with magnetic resonance imaging: A systematic review of modelling practices, transparency, and interpretability in the use of convolutional neural networks",2023,Human Brain Mapping,https://onlinelibrary.wiley.com/doi/pdfdirect/10.1002/hbm.26521,data/pdfs/W4388131431.pdf
649,W4225114743,"Alzheimer resemblance atrophy index, BrainAGE, and normal pressure hydrocephalus score in the prediction of subtle cognitive decline: added value compared to existing MR imaging markers",2022,European Radiology,https://link.springer.com/content/pdf/10.1007/s00330-022-08798-0.pdf,data/pdfs/W4225114743.pdf
957,W3090245796,3B Alzheimer MR Görüntülerinin Hacimsel Kayıp Bölgelerindeki Voksel Değerleri Kullanılarak Sınıflandırılması,2020,El-Cezeri Fen ve Mühendislik Dergisi,https://dergipark.org.tr/tr/download/article-file/1074476,data/pdfs/W3090245796.pdf
937,W3013937047,Improvement of alzheimer disease diagnosis accuracy using ensemble methods,2020,Indonesian Journal of Electrical Engineering and Informatics (IJEEI),http://section.iaesonline.com/index.php/IJEEI/article/download/1321/491,data/pdfs/W3013937047.pdf
159,W2908491236,Reproducible evaluation of diffusion MRI features for automatic classification of patients with Alzheimers disease,2018,arXiv (Cornell University),https://arxiv.org/pdf/1812.11183,data/pdfs/W2908491236.pdf
475,W4414628028,Advanced MRI based Alzheimer’s diagnosis through ensemble learning techniques,2025,Scientific Reports,https://www.nature.com/articles/s41598-025-04899-0.pdf,data/pdfs/W4414628028.pdf
471,W4411178571,Alzheimer’s Disease Detection in Various Brain Anatomies Based on Optimized Vision Transformer,2025,Mathematics,https://www.mdpi.com/2227-7390/13/12/1927/pdf?version=1749561630,data/pdfs/W4411178571.pdf
718,W4410477731,Alzheimer's disease recognition via long-range state space model using multi-modal brain images,2025,Frontiers in Neuroscience,https://www.frontiersin.org/journals/neuroscience/articles/10.3389/fnins.2025.1576931/pdf,data/pdfs/W4410477731.pdf
437,W4302305634,Introducing Vision Transformer for Alzheimer's Disease classification task with 3D input,2022,arXiv (Cornell University),https://arxiv.org/pdf/2210.01177,data/pdfs/W4302305634.pdf
678,W4221077843,Explainable AI-based Alzheimer’s Prediction and Management Using Multimodal Data,2022,Preprints.org,https://www.preprints.org/manuscript/202203.0214/v1/download,data/pdfs/W4221077843.pdf
951,W4226239195,"A Practical Alzheimer Disease Classifier via Brain Imaging-Based Deep Learning on 85,721 Samples",2021,Research Square,https://www.researchsquare.com/article/rs-1156067/latest.pdf,data/pdfs/W4226239195.pdf
934,W2800200150,Classification of Alzheimer Using fMRI Data and Brain Network,2018,,https://doi.org/10.5121/csit.2018.80609,data/pdfs/W2800200150.pdf
740,W4414687180,Alzheimer’s disease classification using a hybrid deep learning approach with multi-layer U-net segmentation and XAI driven analysis,2025,PLoS ONE,https://journals.plos.org/plosone/article/file?id=10.1371/journal.pone.0332572&type=printable,data/pdfs/W4414687180.pdf
743,W4413293244,A Feature-Augmented Explainable Artificial Intelligence Model for Diagnosing Alzheimer’s Disease from Multimodal Clinical and Neuroimaging Data,2025,Diagnostics,https://www.mdpi.com/2075-4418/15/16/2060/pdf?version=1755571205,data/pdfs/W4413293244.pdf
452,W4411378730,AlzheimerViT: harnessing lightweight vision transformer architecture for proactive Alzheimer’s screening,2025,Frontiers in Medicine,https://www.frontiersin.org/journals/medicine/articles/10.3389/fmed.2025.1568312/pdf,data/pdfs/W4411378730.pdf
469,W4409746835,A novel deep learning technique for multi classify Alzheimer disease: hyperparameter optimization technique,2025,Frontiers in Artificial Intelligence,https://www.frontiersin.org/journals/artificial-intelligence/articles/10.3389/frai.2025.1558725/pdf,data/pdfs/W4409746835.pdf
440,W4389371930,Comparative study of Deep Learning architectures for Early Alzheimer Detection,2023,,https://hal.science/hal-04349994/document,data/pdfs/W4389371930.pdf
167,W3176040064,Assessing the Changes of Cortical Thickness in Alzheimer Disease With MRI Using Freesurfer Software,2021,Basic and Clinical Neuroscience Journal,http://bcn.iums.ac.ir/files/site1/user_files_c424bc/nasimsattari-A-10-1779-1-6060d89.pdf,data/pdfs/W3176040064.pdf
467,W7127145462,A Hybrid of ResNext101_32x8d and Swin Transformer Networks with XAI for Alzheimer’s Disease Detection,2026,Computers,https://www.mdpi.com/2073-431X/15/2/95/pdf,data/pdfs/W7127145462.pdf
473,W7118366962,Enhancing Alzheimer’s disease classification with a transformer-based model using self-supervised learning,2026,Scientific Reports,https://www.nature.com/articles/s41598-025-33957-w_reference.pdf,data/pdfs/W7118366962.pdf
894,W4413316423,Integrating MRI Volume and Plasma p-Tau217 for Amyloid Risk Stratification in Early-Stage Alzheimer Disease,2025,Neurology,https://www.neurology.org/doi/pdf/10.1212/WNL.0000000000213954,data/pdfs/W4413316423.pdf
479,W4410984936,High-Throughput Phenotyping of the Symptoms of Alzheimer Disease and Related Dementias Using Large Language Models: Cross-Sectional Study,2025,JMIR AI,https://ai.jmir.org/2025/1/e66926/PDF,data/pdfs/W4410984936.pdf
446,W4410639428,Leveraging transformers and explainable AI for Alzheimer’s disease interpretability,2025,PLoS ONE,https://journals.plos.org/plosone/article/file?id=10.1371/journal.pone.0322607&type=printable,data/pdfs/W4410639428.pdf
39,W4409251272,Alzheimer Disease Detection Studies: Perspective on Multi-Modal Data,2024,Yearbook of Medical Informatics,http://www.thieme-connect.de/products/ejournals/pdf/10.1055/s-0044-1800756.pdf,data/pdfs/W4409251272.pdf
412,W3217170481,OViTAD: Optimized Vision Transformer to Predict Various Stages of Alzheimer's Disease Using Resting-State fMRI and Structural MRI Data,2021,bioRxiv (Cold Spring Harbor Laboratory),https://www.biorxiv.org/content/biorxiv/early/2022/01/31/2021.11.27.470184.full.pdf,data/pdfs/W3217170481.pdf
42,W7118522929,A dual-model AI framework for Alzheimer’s disease diagnosis using clinical and MRI data,2026,Frontiers in Medicine,https://public-pages-files-2025.frontiersin.org/journals/medicine/articles/10.3389/fmed.2025.1713062/pdf,data/pdfs/W7118522929.pdf
736,W4414997317,IoMT driven Alzheimer’s prediction model empowered with transfer learning and explainable AI approach in healthcare 5.0,2025,Scientific Reports,https://www.nature.com/articles/s41598-025-19395-8.pdf,data/pdfs/W4414997317.pdf
480,W4414374615,Early diagnosis of Alzheimer’s Disease using hybrid CNN-Transformer models with Grad-CAM interpretability,2025,Gümüşhane Üniversitesi Fen Bilimleri Enstitüsü Dergisi,https://dergipark.org.tr/en/download/article-file/4938536,data/pdfs/W4414374615.pdf
443,W4413799212,Olfactory EEG based Alzheimer disease classification through transformer based feature fusion with tunable Q-factor wavelet coefficient mapping,2025,Frontiers in Neuroscience,https://www.frontiersin.org/journals/neuroscience/articles/10.3389/fnins.2025.1638922/pdf,data/pdfs/W4413799212.pdf
696,W4412937727,An integrated predictive model for Alzheimer’s disease progression from cognitively normal subjects using generated MRI and interpretable AI,2025,Scientific Reports,https://www.nature.com/articles/s41598-025-13478-2.pdf,data/pdfs/W4412937727.pdf
41,W4409701724,Patient-Tailored Dementia Diagnosis with CNN-Based Brain MRI Classification,2025,Applied Sciences,https://www.mdpi.com/2076-3417/15/9/4652/pdf?version=1745399452,data/pdfs/W4409701724.pdf
418,W4407205572,Transforming Alzheimer’s Disease Diagnosis: Implementing Vision Transformer (ViT) for MRI Images Classification,2025,Journal of Information and Communication Technology,https://e-journal.uum.edu.my/index.php/jict/article/download/25840/4642,data/pdfs/W4407205572.pdf
463,W4388197425,Improved Neural Network-Based System for Early and Accurate Diagnosis of Alzheimer Disease,2023,Journal of Computer Science and Technology Studies,https://al-kindipublisher.com/index.php/jcsts/article/download/5994/5156,data/pdfs/W4388197425.pdf
420,W4417007728,Alzheimer disease predicting from clinical and MRI data using DeepALZNET dual pathway framework,2025,Scientific Reports,https://www.nature.com/articles/s41598-025-28221-0_reference.pdf,data/pdfs/W4417007728.pdf
434,W4407189124,Leveraging Vision Transformers for Early Detection of Alzheimer's disease Through MRI Image Analysis,2025,Kathford Journal of Engineering and Management,https://www.nepjol.info/index.php/kjem/article/download/74705/57218,data/pdfs/W4407189124.pdf
181,W3014456645,New tools could improve Alzheimer disease diagnosis from structural MRI,2020,Nature Reviews Neurology,https://www.nature.com/articles/s41582-020-0357-z.pdf,data/pdfs/W3014456645.pdf
924,W2889262573,Diagnosis of Alzheimer Disease Using Fast Independent Component Analysis and Otsu Multi-level Thresholding,2018,International journal of intelligent engineering and systems,https://doi.org/10.22266/ijies2018.1031.07,data/pdfs/W2889262573.pdf
486,W7135025804,X-ViTCNN: A Novel Network-Level Fusion of Transfer Learning and Customized Vision Transformer for Multi-Stage Alzheimer’s Disease Prediction Using MRI Scans,2026,Diagnostics,https://www.mdpi.com/2075-4418/16/6/835/pdf,data/pdfs/W7135025804.pdf
749,W7127127603,Investigating the Utility of Explainable Artificial Intelligence for Neuroimaging‐Based Dementia Diagnosis and Prognosis,2026,Human Brain Mapping,https://onlinelibrary.wiley.com/doi/pdfdirect/10.1002/hbm.70456,data/pdfs/W7127127603.pdf
748,W7125278914,Optimized deep learning-based multi-stage Alzheimer’s disease characterization with temporal modeling and soft-NMS for neuroimaging,2026,Discover Computing,https://link.springer.com/content/pdf/10.1007/s10791-026-09938-6.pdf,data/pdfs/W7125278914.pdf
715,W4414602835,"Novel multi-task learning for Alzheimer’s stage classification using hippocampal MRI segmentation, feature fusion, and nomogram modeling",2025,European journal of medical research,https://eurjmedres.biomedcentral.com/counter/pdf/10.1186/s40001-025-03204-z,data/pdfs/W4414602835.pdf
721,W4414533329,An MRI based histogram oriented gradient and deep learning approach for accurate classification of mild cognitive impairment and Alzheimer’s disease,2025,Frontiers in Medicine,https://public-pages-files-2025.frontiersin.org/journals/medicine/articles/10.3389/fmed.2025.1529761/pdf,data/pdfs/W4414533329.pdf
11,W4406604091,Deep Learning for Early Alzheimer Disease Detection with MRI Scans,2025,arXiv (Cornell University),https://arxiv.org/pdf/2501.09999,data/pdfs/W4406604091.pdf
670,W4393300160,PIPNet3D: Interpretable Detection of Alzheimer in MRI Scans,2024,arXiv (Cornell University),https://arxiv.org/pdf/2403.18328,data/pdfs/W4393300160.pdf
456,W4393213009,Enhancing MRI-Based Classification of Alzheimer's Disease with Explainable 3D Hybrid Compact Convolutional Transformers,2024,arXiv (Cornell University),https://arxiv.org/pdf/2403.16175,data/pdfs/W4393213009.pdf
389,W4390897527,ADAPT: Alzheimer Diagnosis through Adaptive Profiling Transformers,2024,arXiv (Cornell University),https://arxiv.org/pdf/2401.06349,data/pdfs/W4390897527.pdf
706,W4321471901,sMRI-PatchNet: A novel explainable patch-based deep learning network for Alzheimer's disease diagnosis and discriminative atrophy localisation with Structural MRI,2023,arXiv (Cornell University),https://arxiv.org/pdf/2302.08967,data/pdfs/W4321471901.pdf
954,W3126266103,Amalgamation of Machine Learning and Slice-by-Slice Registration of MRI for Early Prognosis of Cognitive Decline,2021,International Journal of Advanced Computer Science and Applications,http://thesai.org/Downloads/Volume12No1/Paper_15-Amalgamation_of_Machine_Learning.pdf,data/pdfs/W3126266103.pdf
714,W7127319012,Deep learning to predict future cognitive decline: a multimodal approach using brain MRI and clinical data,2026,Frontiers in Neuroimaging,https://public-pages-files-2025.frontiersin.org/journals/neuroimaging/articles/10.3389/fnimg.2026.1726037/pdf,data/pdfs/W7127319012.pdf
705,W7125491872,A comparative study on 2-D convolutional neural network architectures for the detection of cognitive impairment from structural MRI,2026,Discover Electronics,https://link.springer.com/content/pdf/10.1007/s44291-026-00156-4.pdf,data/pdfs/W7125491872.pdf
453,W4417497601,Lightweight Vision Transformer with transfer learning for interpretable Alzheimer’s disease severity assessment,2025,Scientific Reports,https://www.nature.com/articles/s41598-025-28243-8.pdf,data/pdfs/W4417497601.pdf
712,W4417095047,ViViMZheimer a slice based end to end model for Alzheimer’s disease diagnosis from 3D MRI,2025,Scientific Reports,https://www.nature.com/articles/s41598-025-29119-7_reference.pdf,data/pdfs/W4417095047.pdf
697,W4416913708,Beyond Accuracy: Explainable Deep Learning for Alzheimer’s Disease Detection Using Structural MRI Data,2025,Information,https://www.mdpi.com/2078-2489/16/12/1058/pdf?version=1764667935,data/pdfs/W4416913708.pdf
729,W4416771938,ConvNeXt-Driven Detection of Alzheimer’s Disease: A Benchmark Study on Expert-Annotated AlzaSet MRI Dataset Across Anatomical Planes,2025,Diagnostics,https://www.mdpi.com/2075-4418/15/23/2997/pdf?version=1764085907,data/pdfs/W4416771938.pdf
713,W4415058217,An Explainable Web-Based Diagnostic System for Alzheimer’s Disease Using XRAI and Deep Learning on Brain MRI,2025,Diagnostics,https://www.mdpi.com/2075-4418/15/20/2559/pdf?version=1760110731,data/pdfs/W4415058217.pdf
728,W4412546057,Local–global feature fusion for enhanced Alzheimer’s detection: a multi-scale attention-driven MRI classification model,2025,Complex & Intelligent Systems,https://link.springer.com/content/pdf/10.1007/s40747-025-02025-1.pdf,data/pdfs/W4412546057.pdf
447,W4402953267,ADformer: A Multi-Granularity Spatial-Temporal Transformer for EEG-Based Alzheimer Detection,2024,arXiv (Cornell University),https://arxiv.org/pdf/2409.00032,data/pdfs/W4402953267.pdf
724,W4400374449,AXIAL: Attention-based eXplainability for Interpretable Alzheimer's Localized Diagnosis using 2D CNNs on 3D MRI brain scans,2024,arXiv (Cornell University),https://arxiv.org/pdf/2407.02418,data/pdfs/W4400374449.pdf
295,W4399346741,Correction: Alzheimer Disease Detection Using MRI: Deep Learning Review,2024,SN Computer Science,https://link.springer.com/content/pdf/10.1007/s42979-024-03012-y.pdf,data/pdfs/W4399346741.pdf
411,W4398794853,A Novel Feature Map Enhancement Technique Integrating Residual CNN and Transformer for Alzheimer Diseases Diagnosis,2024,arXiv (Cornell University),https://arxiv.org/pdf/2405.12986,data/pdfs/W4398794853.pdf
727,W4391729616,Brain Age Analysis and Dementia Classification using Convolutional Neural Networks trained on Diffusion MRI: Tests in Indian and North American Cohorts,2024,bioRxiv (Cold Spring Harbor Laboratory),https://www.biorxiv.org/content/biorxiv/early/2024/02/06/2024.02.04.578829.full.pdf,data/pdfs/W4391729616.pdf
290,W4388032262,Alzheimers Disease Diagnosis by Deep Learning Using MRI-Based Approaches,2023,arXiv (Cornell University),https://arxiv.org/pdf/2310.17755,data/pdfs/W4388032262.pdf
708,W4387346454,PINet: Privileged Information Improve the Interpretablity and generalization of structural MRI in Alzheimer's Disease,2023,,https://dl.acm.org/doi/pdf/10.1145/3584371.3613000,data/pdfs/W4387346454.pdf
726,W7161637841,"Counterfactual, Longitudinal, and Multimodal Explainable AI for MRI-Based Alzheimer’s Diagnosis: A Structured Review",2026,Journal of dementia and Alzheimer's disease,https://www.mdpi.com/3042-4518/3/2/26/pdf?version=1779151150,data/pdfs/W7161637841.pdf
731,W7161235079,Review of deep learning models for Alzheimer’s disease detection: MRI-centric approaches and multimodal extensions,2026,Frontiers in Artificial Intelligence,https://www.frontiersin.org/journals/artificial-intelligence/articles/10.3389/frai.2026.1707043/pdf,data/pdfs/W7161235079.pdf
421,W7129003428,Progression-Aware and Explainable CNN–Transformer Framework for Multiclass Alzheimer’s Disease Staging Using MRI,2026,Diagnostics,https://www.mdpi.com/2075-4418/16/4/593/pdf?version=1771234561,data/pdfs/W7129003428.pdf
702,W7125949996,Explainable Artificial Intelligence Analysis of Transfer Learning Models for Alzheimer’s Disease MRI Classification,2026,Journal of Information Technology and Cyber Security,https://jurnal.untag-sby.ac.id/index.php/jitsc/article/download/133060/8170,data/pdfs/W7125949996.pdf
723,W4415701551,Deep Learning for Alzheimer’s Disease Diagnosis from Brain MRI: Review,2025,Journal of Al-Qadisiyah for Computer Science and Mathematics,https://jqcsm.qu.edu.iq/index.php/journalcm/article/download/2429/1124,data/pdfs/W4415701551.pdf
738,W4413436959,An Explainable Web-Based Diagnostic System for Alzheimer’s Disease Using XRAI and Deep Learning on Brain MRI,2025,bioRxiv (Cold Spring Harbor Laboratory),https://www.biorxiv.org/content/biorxiv/early/2025/08/21/2025.08.16.670652.full.pdf,data/pdfs/W4413436959.pdf
746,W4412486871,ConvNeXt-Driven Detection of Alzheimer’s Disease: A Benchmark Study on Expert-Annotated AlzaSet MRI Dataset Across Anatomical Planes,2025,bioRxiv (Cold Spring Harbor Laboratory),https://www.biorxiv.org/content/biorxiv/early/2025/07/16/2025.07.10.664260.full.pdf,data/pdfs/W4412486871.pdf
470,W4409644699,Peer Review of “Improved Alzheimer Disease Diagnosis With a Machine Learning Approach and Neuroimaging: Case Study Development”,2025,JMIRx Med,https://xmed.jmir.org/2025/1/e73768/PDF,data/pdfs/W4409644699.pdf
719,W4408133501,Explainable AI-driven Deep Learning for Neurological Disease Diagnosis using MRI: A systematic review and future directions,2025,International Journal of Science and Research Archive,https://journalijsra.com/sites/default/files/fulltext_pdf/IJSRA-2025-0533.pdf,data/pdfs/W4408133501.pdf
468,W4409816656,Klasifikasi Penyakit Alzheimer Dari Scan Mri Otak Menggunakan Convnext,2024,Jurnal Teknologi Informasi dan Ilmu Komputer,https://jtiik.ub.ac.id/index.php/jtiik/article/download/8117/1358,data/pdfs/W4409816656.pdf
703,W4404509804,A novel interpretative deep neural network with Grad-CAM’s heatmap for the early diagnosis of Alzheimer’s disease,2024,Theoretical and Natural Science,https://tns.ewapub.com/article/view/17082.pdf,data/pdfs/W4404509804.pdf
478,W4396647189,Alzheimer Hastalığının Teşhisinde Görüntü Dönüştürücü (Vision Transformer) Yaklaşımı: Yenilikçi Bir İnceleme,2024,Fırat Üniversitesi Mühendislik Bilimleri Dergisi,https://dergipark.org.tr/tr/download/article-file/3626522,data/pdfs/W4396647189.pdf
741,W4390863693,A novel classification framework for genome-wide association study of whole brain MRI images using deep learning,2024,bioRxiv (Cold Spring Harbor Laboratory),https://www.biorxiv.org/content/biorxiv/early/2024/01/14/2024.01.11.575251.full.pdf,data/pdfs/W4390863693.pdf
488,W4327666664,Efficiently Training Vision Transformers on Structural MRI Scans for Alzheimer's Disease Detection,2023,arXiv (Cornell University),https://arxiv.org/pdf/2303.08216,data/pdfs/W4327666664.pdf
733,W4293237805,Deep Counterfactual-Guided MRI Feature Representation and Quantitatively Interpretable Alzheimer’s Disease Prediction,2022,Research Square,https://www.researchsquare.com/article/rs-1985865/latest.pdf,data/pdfs/W4293237805.pdf
725,W3020085867,Explainable Deep CNNs for MRI-Based Diagnosis of Alzheimer’s Disease,2020,,https://arxiv.org/pdf/2004.12204,data/pdfs/W3020085867.pdf
941,W2912145561,"Detection of Alzheimers Disease from MRI using Convolutional Neural Networks, Exploring Transfer Learning And BellCNN",2019,arXiv (Cornell University),https://arxiv.org/pdf/1901.10231,data/pdfs/W2912145561.pdf
